user,logon_count_mean,logon_count_std,logoff_count_mean,logoff_count_std,unique_pcs_mean,unique_pcs_std,after_hours_ratio_mean,after_hours_ratio_std,device_connects_mean,device_connects_std
AAE0190,1.0,0.0,1.0,0.0,1.0,0.0,0.0,0.0,0.0,0.0
AAF0535,1.0,0.0,1.0,0.0,1.0,0.0,0.0,0.0,2.1097560975609757,1.2870863806246984
AAF0791,1.0,0.0,1.0,0.0,1.0,0.0,0.0,0.0,0.0,0.0
AAL0706,1.0,0.0,1.0,0.0,1.0,0.0,0.0,0.0,0.0,0.0
AAM0658,1.0177777777777777,0.13243746652546076,1.0177777777777777,0.13243746652546076,1.0,0.0,1.0133333333333334,0.09354143466934853,0.03111111111111111,0.2388796602130287
AAN0823,1.0,0.0,1.0,0.0,1.0,0.0,1.0,0.0,0.0,0.0
AAS0442,1.72,0.45355736761107257,1.0,0.0,1.0,0.0,0.0,0.0,0.0,0.0
AAV0450,1.0,0.0,1.0,0.0,1.0,0.0,0.0,0.0,0.0,0.0
AAW0353,1.0,0.0,1.0,0.0,1.0,0.0,0.0,0.0,0.0,0.0
ABC0174,1.8006756756756757,0.4001688832669715,1.0,0.0,1.0,0.0,0.0,0.0,2.168918918918919,1.1550244755702301
ABC0253,1.783236994219653,0.4126365371448352,1.0,0.0,1.0,0.0,0.0,0.0,0.0,0.0
ABH0663,1.0,0.0,1.0,0.0,1.0,0.0,0.0,0.0,0.0,0.0
ABM0845,1.829479768786127,0.44048493158317037,1.0664739884393064,0.24946957216738785,1.0664739884393064,0.24946957216738785,0.596820809248555,0.20855960737062587,0.0,0.0
ABN0239,1.7716763005780347,0.4203601897395479,1.0,0.0,1.0,0.0,0.0,0.0,0.0,0.0
ACC0042,3.9364161849710984,1.3690165263708165,3.9364161849710984,1.3690165263708165,3.9364161849710984,1.3690165263708165,1.0857899807321774,0.3843302335087057,0.0,0.0
ACV0812,2.175141242937853,0.6323239275869741,1.4378531073446328,0.5710999484905899,1.265536723163842,0.44224366152006195,0.7430320150659134,0.3950652921475588,0.0,0.0
ADC0391,1.7976878612716762,0.40230549459665466,1.0,0.0,1.0,0.0,0.3901734104046243,0.3624657488881277,0.0,0.0
ADD0846,1.0,0.0,1.0,0.0,1.0,0.0,1.0,0.0,0.0,0.0
ADF0397,1.0,0.0,1.0,0.0,1.0,0.0,0.5346820809248555,0.4995180721771726,0.0,0.0
AES0827,1.0,0.0,1.0,0.0,1.0,0.0,1.0,0.0,0.0,0.0
AGB0186,1.0,0.0,1.0,0.0,1.0,0.0,0.0,0.0,0.0,0.0
AGB0643,1.0,0.0,1.0,0.0,1.0,0.0,1.0,0.0,0.0,0.0
AHC0142,1.955958549222798,0.4271661233977583,1.145077720207254,0.35263625963054007,1.145077720207254,0.35263625963054007,0.0,0.0,0.0,0.0
AHD0848,1.9136125654450262,0.4971024035666309,1.1282722513089005,0.371965975378848,1.1282722513089005,0.371965975378848,0.580715532286213,0.2030328802889855,0.39267015706806285,0.6779223246948428
AHG0634,1.860759493670886,0.4580261504839331,1.0822784810126582,0.2978733513077899,1.0696202531645569,0.255315181951578,0.5949367088607594,0.20723561214500846,0.0,0.0
AHM0410,2.0538243626062322,0.4263259300222338,1.2974504249291785,0.4577852606151347,1.2974504249291785,0.4577852606151347,0.0,0.0,1.1161473087818696,0.8954397731446744
AIB0948,2.1416184971098264,0.5165680887023131,1.346820809248555,0.5656380337184802,1.346820809248555,0.5656380337184802,0.0,0.0,8.641618497109826,0.6221996828495052
AIH0675,1.0,0.0,1.0,0.0,1.0,0.0,0.0,0.0,0.0,0.0
AIM0627,1.0,0.0,1.0,0.0,1.0,0.0,0.0,0.0,0.0,0.0
AIP0394,1.831908831908832,0.5531277844678804,1.0883190883190883,0.2841634753955559,1.0,0.0,0.4382716049382716,0.434736907472095,0.0,0.0
AIP0982,1.8381502890173411,0.4338450140180499,1.0520231213872833,0.22239528599313385,1.0520231213872833,0.22239528599313385,0.0,0.0,1.0578034682080926,0.902241862614789
AIS0405,1.0,0.0,1.0,0.0,1.0,0.0,0.6560693641618497,0.47570620069278613,0.0,0.0
AJC0840,1.0,0.0,1.0,0.0,1.0,0.0,1.0,0.0,0.0,0.0
AJD0074,1.937984496124031,0.4274021655981294,1.1679586563307494,0.37431349021889104,1.1679586563307494,0.37431349021889104,0.27260981912144705,0.32276287155780814,0.3875968992248062,0.6594480049903075
AJF0370,4.7640750670241285,1.4473173236059915,3.994638069705094,1.3873364246690374,3.994638069705094,1.3873364246690374,0.9123196731775819,0.3689043391842374,11.423592493297587,1.5284685445099615
AJH0175,1.1473087818696883,0.40710990580629974,1.1473087818696883,0.35491653685463415,1.0,0.0,0.17422096317280453,0.35168187928636274,0.45042492917847027,0.7018288533373156
AJL0462,1.8628571428571428,0.5228781459045622,1.0914285714285714,0.28863022870699934,1.0,0.0,0.08428571428571428,0.24651156928403276,0.0,0.0
AJN0607,2.0838150289017343,0.477218280690976,1.3179190751445087,0.466342232153766,1.3179190751445087,0.466342232153766,0.0,0.0,2.985549132947977,1.017139703206903
AJP0723,1.0,0.0,1.0,0.0,1.0,0.0,0.0,0.0,0.0,0.0
AJR0319,1.8206278026905829,0.38409451147097545,1.0,0.0,1.0,0.0,0.0,0.0,0.0,0.0
AJR0932,1.0153061224489797,0.18884373722876946,1.0153061224489797,0.1593911755214769,1.0,0.0,0.014455782312925169,0.12376196607033871,0.09693877551020408,0.9090941201598776
AKC0924,1.0,0.0,1.0,0.0,1.0,0.0,1.0,0.0,0.0,0.0
AKF0709,1.0,0.0,1.0,0.0,1.0,0.0,0.0,0.0,0.0,0.0
AKH0758,1.0,0.0,1.0,0.0,1.0,0.0,0.0,0.0,0.0,0.0
AKK0329,1.0,0.0,1.0,0.0,1.0,0.0,0.0,0.0,0.0,0.0
AKR0057,1.8138528138528138,0.4520276588097286,1.051948051948052,0.2224040914604821,1.051948051948052,0.2224040914604821,0.40331890331890335,0.3534284118501887,2.103896103896104,1.2879145487224066
AKW0167,1.0,0.0,1.0,0.0,1.0,0.0,0.0,0.0,0.0,0.0
ALB0892,1.0,0.0,1.0,0.0,1.0,0.0,0.0,0.0,0.0,0.0
ALC0788,1.0,0.0,1.0,0.0,1.0,0.0,1.0,0.0,0.0,0.0
ALD0529,1.7976878612716762,0.40230549459665466,1.0,0.0,1.0,0.0,0.0,0.0,0.0,0.0
ALD0544,1.0,0.0,1.0,0.0,1.0,0.0,0.0,0.0,0.0,0.0
ALH0402,1.0,0.0,1.0,0.0,1.0,0.0,0.5520231213872833,0.498006413482446,0.0,0.0
AMD0077,1.0,0.0,1.0,0.0,1.0,0.0,0.0,0.0,0.0,0.0
AMH0464,1.0,0.0,1.0,0.0,1.0,0.0,0.0,0.0,0.0,0.0
AMH0794,1.0,0.0,1.0,0.0,1.0,0.0,0.0,0.0,0.0,0.0
AMJ0297,1.0,0.0,1.0,0.0,1.0,0.0,0.0,0.0,0.0,0.0
AMM0014,1.0,0.0,1.0,0.0,1.0,0.0,0.017341040462427744,0.13072765979484233,0.0,0.0
AMR0318,1.836676217765043,0.47249200082205195,1.0659025787965617,0.24846795329613397,1.0,0.0,0.05945558739255014,0.2277514953445667,0.4040114613180516,0.638862098952079
AMR0400,1.0,0.0,1.0,0.0,1.0,0.0,0.5173410404624278,0.5004228755450427,0.0,0.0
AMV0036,1.0,0.0,1.0,0.0,1.0,0.0,0.0,0.0,0.0,0.0
AMW0392,1.7866666666666666,0.4101170455995628,1.0,0.0,1.0,0.0,0.4677777777777778,0.3329786531738005,0.0,0.0
ANM0123,2.0,0.5773502691896257,1.28,0.458257569495584,1.28,0.458257569495584,0.5533333333333333,0.20816659994661327,1.16,0.8981462390204987
ANP0555,1.0,0.0,1.0,0.0,1.0,0.0,0.0,0.0,0.0,0.0
ANT0430,1.8815028901734103,0.41752069634412214,1.0722543352601157,0.25928352574022406,1.0722543352601157,0.25928352574022406,0.0,0.0,0.0,0.0
AOB0019,1.0,0.0,1.0,0.0,1.0,0.0,0.0,0.0,0.0,0.0
AOK0844,1.947780678851175,0.4603538747444276,1.1488250652741514,0.3846429338948245,1.0992167101827677,0.31635094259752483,0.6007397737162751,0.22534351876113695,1.0626631853785902,0.87204412256718
AOS0987,2.0491329479768785,0.41760094634656314,1.2716763005780347,0.4454680903865636,1.2716763005780347,0.4454680903865636,0.0,0.0,0.0,0.0
APG0307,1.0,0.0,1.0,0.0,1.0,0.0,0.0,0.0,0.0,0.0
AQD0820,1.0,0.0,1.0,0.0,1.0,0.0,1.0,0.0,0.0,0.0
ARA0252,1.783236994219653,0.4126365371448354,1.0,0.0,1.0,0.0,0.0,0.0,0.0,0.0
ARB0834,1.0,0.0,1.0,0.0,1.0,0.0,1.0,0.0,0.0,0.0
ARB0881,1.0,0.0,1.0,0.0,1.0,0.0,0.0,0.0,0.0,0.0
ARD0509,1.046242774566474,0.21031457189301064,1.046242774566474,0.21031457189301064,1.046242774566474,0.21031457189301064,0.0,0.0,0.0,0.0
ARL0034,1.0,0.0,1.0,0.0,1.0,0.0,0.0,0.0,0.0,0.0
ASB0796,1.0,0.0,1.0,0.0,1.0,0.0,0.0,0.0,0.0,0.0
ASD0577,1.0,0.0,1.0,0.0,1.0,0.0,0.0,0.0,0.0,0.0
ASG0048,1.0,0.0,1.0,0.0,1.0,0.0,0.0,0.0,0.0,0.0
ASG0692,1.0,0.0,1.0,0.0,1.0,0.0,0.6098265895953757,0.4884954410520381,0.0,0.0
ASL0378,1.7919075144508672,0.4065312474948835,1.0,0.0,1.0,0.0,0.0,0.0,0.0,0.0
ASM0575,1.7947976878612717,0.40443424731399225,1.0,0.0,1.0,0.0,0.0,0.0,0.0,0.0
ASS0206,1.0,0.0,1.0,0.0,1.0,0.0,0.0,0.0,0.0,0.0
ASS0517,1.777456647398844,0.41655649041793513,1.0,0.0,1.0,0.0,0.0,0.0,0.0,0.0
ASV0946,1.7630057803468209,0.4258545508940997,1.0,0.0,1.0,0.0,0.0,0.0,0.0,0.0
ATE0869,1.8580246913580247,0.4612929022401288,1.0781893004115226,0.26874587154580004,1.059670781893004,0.23711995018008922,0.018689986282578872,0.12957291164500692,0.43209876543209874,0.6505497425599862
ATF0274,1.0,0.0,1.0,0.0,1.0,0.0,0.0,0.0,0.0,0.0
ATP0662,1.9844559585492227,0.5853331513380331,1.2409326424870466,0.4460308772978939,1.0595854922279793,0.23702448598785952,0.43803972366148536,0.4214574966778444,1.0207253886010363,0.917130189304095
AVM0947,1.083815028901734,0.2775115308315889,1.083815028901734,0.2775115308315889,1.083815028901734,0.2775115308315889,0.0,0.0,8.664739884393063,0.6440582982650289
AWM0764,1.0,0.0,1.0,0.0,1.0,0.0,0.0,0.0,0.0,0.0
BAH0875,1.3061797752808988,0.5707084909779383,1.3061797752808988,0.5135526756705685,1.1067415730337078,0.30921900814666736,0.25023408239700373,0.4513715230055449,0.0,0.0
BAJ0654,1.1213872832369942,0.32704976399268393,1.1213872832369942,0.32704976399268393,1.1213872832369942,0.32704976399268393,1.010115606936416,0.17206836672724385,0.4046242774566474,0.6263596252653263
BAK0964,1.0,0.0,1.0,0.0,1.0,0.0,0.0,0.0,0.0,0.0
BAL0044,4.910919540229885,1.5090872728128686,4.129310344827586,1.4436395672876587,4.063218390804598,1.4148341267960287,0.900574712643678,0.38117562040374814,3.2471264367816093,1.465006935527427
BAM0611,1.7658959537572254,0.4240507634854179,1.0,0.0,1.0,0.0,0.0,0.0,0.0,0.0
BAM0636,1.0,0.0,1.0,0.0,1.0,0.0,1.0,0.0,0.0,0.0
BBG0325,1.8583815028901733,0.430909700489216,1.0635838150289016,0.24436345032191173,1.0635838150289016,0.24436345032191173,0.0,0.0,1.0635838150289016,0.8889028509696241
BBH0810,1.0,0.0,1.0,0.0,1.0,0.0,1.0,0.0,0.0,0.0
BBS0039,4.222929936305732,1.398711522990638,4.222929936305732,1.398711522990638,4.210191082802548,1.405264128534424,1.101380042462845,0.4239700179869444,0.012738853503184714,0.15961737689352443
BBS0422,1.2087378640776698,0.4884269992032155,1.2087378640776698,0.4413222327423601,1.0728155339805825,0.2601493768003154,0.2196601941747573,0.4726464213239513,0.3737864077669903,0.6169481698584468
BCB0679,2.0533807829181496,0.4148979575760931,1.2846975088967971,0.45207537017094923,1.2846975088967971,0.45207537017094923,0.0,0.0,0.0,0.0
BCM0653,1.0,0.0,1.0,0.0,1.0,0.0,1.0,0.0,0.0,0.0
BCR0581,2.0,0.40288812414826797,1.2080924855491328,0.4065312474948834,1.2080924855491328,0.4065312474948834,0.0,0.0,0.0,0.0
BDB0453,1.146131805157593,0.38486927896082335,1.146131805157593,0.3617775318859357,1.0,0.0,0.16905444126074498,0.35568368666367983,0.0,0.0
BDI0533,1.9113082039911309,0.4332110806001703,1.1441241685144123,0.3516056157008344,1.1441241685144123,0.3516056157008344,0.0,0.0,2.0443458980044347,1.0318409460117721
BDV0168,1.0303030303030303,0.20435032163952155,1.0303030303030303,0.20435032163952155,1.0,0.0,0.026262626262626262,0.1686382523218775,0.09696969696969697,0.7826178896953795
BEC0505,1.0,0.0,1.0,0.0,1.0,0.0,0.0,0.0,0.0,0.0
BEH0615,1.954674220963173,0.4745655535215712,1.1501416430594902,0.3881866823253895,1.1501416430594902,0.3881866823253895,0.0,0.0,1.1161473087818696,0.9627109573124141
BER0314,1.0,0.0,1.0,0.0,1.0,0.0,0.0,0.0,0.0,0.0
BHC0665,1.3381502890173411,0.4737651108368924,1.3381502890173411,0.4737651108368924,1.3381502890173411,0.4737651108368924,0.0,0.0,0.0,0.0
BHW0458,1.0,0.0,1.0,0.0,1.0,0.0,0.0,0.0,0.0,0.0
BIH0745,1.0277777777777777,0.16490914830605122,1.0277777777777777,0.16490914830605122,1.0,0.0,0.03125,0.16951958032005657,0.0763888888888889,0.48875267403787814
BIS0247,1.8757062146892656,0.5389399769128369,1.1073446327683616,0.3189967628615591,1.0,0.0,0.11299435028248588,0.32457668802307404,0.327683615819209,0.5781397847109662
BJH0354,1.0,0.0,1.0,0.0,1.0,0.0,0.0,0.0,0.0,0.0
BJH0811,1.0,0.0,1.0,0.0,1.0,0.0,1.0,0.0,0.0,0.0
BJM0111,1.148051948051948,0.3837894895569345,1.148051948051948,0.3628627458066925,1.0,0.0,0.17922077922077922,0.43191002099252834,7.581818181818182,1.8747727134969527
BJP0134,1.777456647398844,0.42345768520429805,1.0144508670520231,0.1195128477083614,1.0144508670520231,0.1195128477083614,0.0,0.0,8.604046242774567,0.652207700668989
BJW0619,1.0,0.0,1.0,0.0,1.0,0.0,0.0,0.0,0.0,0.0
BKW0374,3.9248554913294798,1.3684289550954665,3.9248554913294798,1.3684289550954665,3.9248554913294798,1.3684289550954665,1.057514450867052,0.41771333729929777,0.0,0.0
BLB0114,2.0115606936416186,0.4372302720516478,1.19364161849711,0.39572355876107784,1.19364161849711,0.39572355876107784,0.0,0.0,0.0,0.0
BLL0929,1.0,0.0,1.0,0.0,1.0,0.0,0.0,0.0,0.0,0.0
BLS0678,1.8208955223880596,0.42161735499128905,1.0199004975124377,0.1400071071401421,1.0,0.0,0.012437810945273632,0.08809763918432062,0.01990049751243781,0.1720522887082623
BMC0547,1.0,0.0,1.0,0.0,1.0,0.0,0.0,0.0,0.0,0.0
BMG0917,1.828080229226361,0.47851786786557304,1.0515759312320916,0.22148683335599031,1.0,0.0,0.6404011461318052,0.2599139597270739,8.541547277936962,1.0180096149167608
BMM0112,1.0,0.0,1.0,0.0,1.0,0.0,0.0,0.0,0.0,0.0
BMS0877,1.0,0.0,1.0,0.0,1.0,0.0,0.0,0.0,0.0,0.0
BMT0528,1.0751445086705202,0.2640061636004607,1.0751445086705202,0.2640061636004607,1.0751445086705202,0.2640061636004607,0.0,0.0,2.060693641618497,1.0546315154634482
BNG0237,1.760115606936416,0.4276311405795872,1.0,0.0,1.0,0.0,0.0,0.0,0.0,0.0
BNR0965,1.7803468208092486,0.4146112493195609,1.0,0.0,1.0,0.0,0.0,0.0,0.0,0.0
BQS0525,1.1428571428571428,0.35355339059327373,1.1428571428571428,0.35355339059327373,1.1428571428571428,0.35355339059327373,0.0,0.0,8.020408163265307,0.9011519460845506
BRB0355,2.085714285714286,0.4778281049951144,1.3252747252747252,0.46899306481478253,1.3252747252747252,0.46899306481478253,0.0,0.0,1.9736263736263737,1.0257515955955303
BRM0995,1.8554913294797688,0.40566483800567366,1.0780346820809248,0.26861460773628626,1.0780346820809248,0.26861460773628626,0.6180154142581888,0.2498819916392715,8.592485549132949,0.6926957682322006
BRS0734,1.0,0.0,1.0,0.0,1.0,0.0,0.0,0.0,1.1636363636363636,1.0538463645776097
BSA0431,1.0,0.0,1.0,0.0,1.0,0.0,0.0,0.0,0.0,0.0
BSB0990,1.0,0.0,1.0,0.0,1.0,0.0,0.0,0.0,0.0,0.0
BSH0445,1.0,0.0,1.0,0.0,1.0,0.0,0.0,0.0,0.0,0.0
BSS0369,4.02510460251046,1.4521056464114697,4.02510460251046,1.4521056464114697,4.01255230125523,1.4508217652496096,0.9773660091651724,0.44965284211116446,11.464435146443515,1.697065805343771
BSS0463,1.0520231213872833,0.22239528599313393,1.0520231213872833,0.22239528599313393,1.0520231213872833,0.22239528599313393,0.0,0.0,0.0,0.0
BTL0226,1.9061032863849765,0.4664299666722792,1.1314553990610328,0.36548784164205167,1.107981220657277,0.32589811989536405,0.4174491392801252,0.3349010510419989,0.03755868544600939,0.3199316739882209
BTL0722,1.0,0.0,1.0,0.0,1.0,0.0,0.0,0.0,0.0,0.0
BTN0061,2.023121387283237,0.4625544351881979,1.2485549132947977,0.4893778287730555,1.2485549132947977,0.4893778287730555,0.3159922928709056,0.3477271885918611,0.0,0.0
BTR0403,1.9884393063583814,0.504914276625634,1.23121387283237,0.49782975430437554,1.23121387283237,0.49782975430437554,0.4342485549132948,0.31742213044280015,1.0982658959537572,0.955015683212254
BTS0011,1.0,0.0,1.0,0.0,1.0,0.0,0.0,0.0,0.0,0.0
BTW0005,1.346820809248555,0.4766474189592372,1.346820809248555,0.4766474189592372,1.346820809248555,0.4766474189592372,0.0,0.0,0.0,0.0
BVC0790,2.191780821917808,0.585660867806508,1.4269406392694064,0.5520133742464566,1.3105022831050228,0.46322837258354554,0.07534246575342465,0.22823418575494833,2.006849315068493,1.03151645943002
BVN0514,1.0727272727272728,0.26087681753707737,1.0727272727272728,0.26087681753707737,1.0727272727272728,0.26087681753707737,0.0,0.0,0.0,0.0
BWH0813,1.0,0.0,1.0,0.0,1.0,0.0,1.0,0.0,0.0,0.0
BWP0202,2.2619718309859156,0.6901989799852118,1.4985915492957746,0.6215283144725554,1.323943661971831,0.46863933005651354,0.1615962441314554,0.35345033202872317,0.36338028169014086,0.6291504981541411
BXJ0010,1.0,0.0,1.0,0.0,1.0,0.0,0.0,0.0,0.0,0.0
BYP0070,1.0,0.0,1.0,0.0,1.0,0.0,0.0,0.0,0.0,0.0
CAA0612,1.7716763005780347,0.420360189739548,1.0,0.0,1.0,0.0,0.0,0.0,0.3699421965317919,0.6339373142418773
CAB0388,1.7630057803468209,0.4258545508940997,1.0,0.0,1.0,0.0,0.0,0.0,0.0,0.0
CAB0614,1.9884393063583814,0.4991405866998909,1.2254335260115607,0.4581506143436602,1.2254335260115607,0.4581506143436602,0.0,0.0,1.0635838150289016,0.917781123964425
CAC0889,1.0,0.0,1.0,0.0,1.0,0.0,0.0,0.0,0.0,0.0
CAH0936,2.058139534883721,0.5483553541739556,1.2383720930232558,0.5027802479176946,1.197674418604651,0.45421399088667874,0.024709302325581394,0.12711465149152515,0.0755813953488372,0.5824802878499101
CAM0102,1.0,0.0,1.0,0.0,1.0,0.0,0.0,0.0,0.0,0.0
CAM0681,1.7716763005780347,0.420360189739548,1.0,0.0,1.0,0.0,0.41763005780346824,0.35672608192938765,1.0404624277456647,0.8738280366952461
CAN0842,1.0,0.0,1.0,0.0,1.0,0.0,1.0,0.0,0.0,0.0
CAS0507,2.118155619596542,0.49900368827781244,1.3429394812680115,0.49327911212017217,1.3170028818443804,0.46598048470982034,0.01585014409221902,0.08374736811293246,1.0979827089337175,0.9038590801083838
CBB0365,5.08092485549133,1.5339010644420172,4.329479768786127,1.547732615897898,4.329479768786127,1.547732615897898,0.8713941646022572,0.36997296949300396,0.0,0.0
CBG0398,1.0,0.0,1.0,0.0,1.0,0.0,0.5549132947976878,0.49769511474699635,0.0,0.0
CBG0490,1.0,0.0,1.0,0.0,1.0,0.0,0.0,0.0,0.0,0.0
CCA0046,4.0,1.4730919862656238,4.0,1.4730919862656238,3.990049751243781,1.4559878081606448,1.0799099739398248,0.3994766088468544,3.771144278606965,1.7050991713327415
CCC0393,1.0,0.0,1.0,0.0,1.0,0.0,0.5520231213872833,0.4980064134824462,0.0,0.0
CCH0182,1.0,0.0,1.0,0.0,1.0,0.0,0.0,0.0,0.0,0.0
CCH0685,1.8439306358381502,0.43596388075114034,1.0664739884393064,0.24946957216738785,1.0664739884393064,0.24946957216738785,0.3420038535645472,0.354981070894832,0.0,0.0
CCL0068,1.0,0.0,1.0,0.0,1.0,0.0,0.0,0.0,2.1979166666666665,1.2179247071697397
CCM0136,1.829479768786127,0.44701686366523774,1.0520231213872833,0.222395285993134,1.0520231213872833,0.222395285993134,0.0,0.0,0.3468208092485549,0.6194469316502725
CCM0467,1.0,0.0,1.0,0.0,1.0,0.0,0.0,0.0,0.0,0.0
CCM0855,1.0,0.0,1.0,0.0,1.0,0.0,0.0,0.0,0.0,0.0
CCR0863,1.0,0.0,1.0,0.0,1.0,0.0,0.0,0.0,0.0,0.0
CCW0031,1.0,0.0,1.0,0.0,1.0,0.0,0.0,0.0,0.0,0.0
CCW0524,1.0,0.0,1.0,0.0,1.0,0.0,0.0,0.0,0.0,0.0
CEB0210,1.0,0.0,1.0,0.0,1.0,0.0,0.0,0.0,0.0,0.0
CEJ0109,1.0,0.0,1.0,0.0,1.0,0.0,0.0,0.0,2.006289308176101,1.0977283992109428
CEL0561,1.777456647398844,0.41655649041793513,1.0,0.0,1.0,0.0,0.0,0.0,0.0,0.0
CFG0959,1.2630057803468209,0.4409031376369248,1.2630057803468209,0.4409031376369248,1.2630057803468209,0.4409031376369248,0.0,0.0,0.0,0.0
CFM0767,1.9485714285714286,0.6128384936005904,1.1828571428571428,0.42249478339684154,1.0714285714285714,0.27924522561625287,0.08414285714285714,0.21233862214267524,1.0714285714285714,0.8484171774060946
CFW0264,1.0,0.0,1.0,0.0,1.0,0.0,0.0,0.0,0.0,0.0
CGA0629,1.0,0.0,1.0,0.0,1.0,0.0,0.0,0.0,0.0,0.0
CGB0637,1.7630057803468209,0.4258545508940996,1.0,0.0,1.0,0.0,0.6184971098265896,0.2129272754470498,3.1271676300578033,1.036164365392175
CGF0337,1.0,0.0,1.0,0.0,1.0,0.0,0.0,0.0,0.0,0.0
CHG0146,1.0,0.0,1.0,0.0,1.0,0.0,0.0,0.0,0.0,0.0
CHM0821,2.1647398843930636,0.5153015905711956,1.3641618497109826,0.5110818503788932,1.3323699421965318,0.47174500802992714,0.5992292870905588,0.28052065136433996,1.0635838150289016,0.8986320619751731
CIG0052,1.0,0.0,1.0,0.0,1.0,0.0,0.0,0.0,0.0,0.0
CIM0271,1.8323699421965318,0.4383019164827601,1.0491329479768785,0.21645858381105404,1.0491329479768785,0.21645858381105404,0.0,0.0,2.0953757225433525,0.9983357182077965
CIM0926,1.0043668122270741,0.06608186004550898,1.0043668122270741,0.06608186004550898,1.0043668122270741,0.06608186004550898,0.9978165938864629,0.03304093002275449,0.0,0.0
CJC0494,1.0,0.0,1.0,0.0,1.0,0.0,0.0,0.0,0.0,0.0
CJF0802,1.9289772727272727,0.6387854211680277,1.1960227272727273,0.4318991118152974,1.0568181818181819,0.23182440281936187,0.11595643939393939,0.2981986129834611,0.0,0.0
CJG0470,1.0,0.0,1.0,0.0,1.0,0.0,0.0,0.0,0.0,0.0
CJH0702,1.0,0.0,1.0,0.0,1.0,0.0,0.0,0.0,0.0,0.0
CJK0200,1.0,0.0,1.0,0.0,1.0,0.0,0.0,0.0,0.0,0.0
CJM0138,1.0,0.0,1.0,0.0,1.0,0.0,0.0,0.0,0.0,0.0
CJM0521,1.0,0.0,1.0,0.0,1.0,0.0,0.0,0.0,0.0,0.0
CJP0952,1.8764367816091954,0.47316087645967786,1.0948275862068966,0.30306165689895714,1.0603448275862069,0.23846748109730256,0.02538314176245211,0.1494273841742991,0.0,0.0
CJV0286,1.783236994219653,0.4126365371448352,1.0,0.0,1.0,0.0,0.0,0.0,0.0,0.0
CKB0427,1.0,0.0,1.0,0.0,1.0,0.0,0.0,0.0,0.0,0.0
CKB0482,1.0,0.0,1.0,0.0,1.0,0.0,0.0,0.0,0.0,0.0
CKD0680,1.0,0.0,1.0,0.0,1.0,0.0,0.0,0.0,0.0,0.0
CKH0144,1.0,0.0,1.0,0.0,1.0,0.0,0.0,0.0,0.0,0.0
CKP0721,1.0,0.0,1.0,0.0,1.0,0.0,0.0,0.0,0.0,0.0
CLB0774,1.1876750700280112,0.44477544614639913,1.1876750700280112,0.39811977443741603,1.0,0.0,0.23202614379084965,0.43031015068378126,8.369747899159664,1.6242485534033682
CLD0894,1.0,0.0,1.0,0.0,1.0,0.0,0.0,0.0,0.0,0.0
CLF0852,2.1300578034682083,0.4476910128938103,1.3265895953757225,0.46964487268802885,1.3265895953757225,0.46964487268802885,0.0,0.0,0.0,0.0
CLH0703,1.0,0.0,1.0,0.0,1.0,0.0,0.0,0.0,0.0,0.0
CLS0296,1.0,0.0,1.0,0.0,1.0,0.0,0.0,0.0,0.0,0.0
CMB0912,2.033096926713948,0.500086824276722,1.2245862884160756,0.5003891911853702,1.2245862884160756,0.5003891911853702,0.0,0.0,0.0,0.0
CMM0487,1.0,0.0,1.0,0.0,1.0,0.0,0.0,0.0,0.0,0.0
CMS0454,1.0,0.0,1.0,0.0,1.0,0.0,0.0,0.0,0.0,0.0
CMW0783,1.0,0.0,1.0,0.0,1.0,0.0,0.0,0.0,0.0,0.0
CNB0900,1.0,0.0,1.0,0.0,1.0,0.0,0.0,0.0,0.0,0.0
CNE0352,1.0,0.0,1.0,0.0,1.0,0.0,0.0,0.0,0.0,0.0
CNM0800,1.0,0.0,1.0,0.0,1.0,0.0,0.0,0.0,0.0,0.0
COF0120,1.1203007518796992,0.34831332641448426,1.1203007518796992,0.325926116988623,1.0,0.0,1.0344611528822056,0.19948251173824638,0.0,0.0
COM0321,1.0,0.0,1.0,0.0,1.0,0.0,0.0,0.0,0.0,0.0
CPG0322,1.453757225433526,0.6132831948794576,1.453757225433526,0.6132831948794576,1.453757225433526,0.6132831948794576,0.0,0.0,0.37283236994219654,0.5919866436934778
CQH0701,1.783236994219653,0.41263653714483534,1.0,0.0,1.0,0.0,0.0,0.0,0.3959537572254335,0.6477482407252484
CQH0730,1.0,0.0,1.0,0.0,1.0,0.0,0.0,0.0,0.0,0.0
CQW0652,1.0,0.0,1.0,0.0,1.0,0.0,1.0,0.0,2.0428134556574924,1.179321594031788
CRD0624,1.1111111111111112,0.3178208630818641,1.1111111111111112,0.3178208630818641,1.0,0.0,0.14444444444444443,0.33067118765237824,0.0,0.0
CRK0916,1.7863247863247864,0.5154037501231685,1.0541310541310542,0.22659914242373325,1.0,0.0,0.6590693257359924,0.27935166652967924,0.0,0.0
CRO0027,1.8448275862068966,0.4479240931704523,1.0545977011494252,0.22752042488773994,1.0344827586206897,0.18272833725237955,0.01772030651340996,0.10996829949368908,0.0,0.0
CRP0456,1.0,0.0,1.0,0.0,1.0,0.0,0.0,0.0,0.0,0.0
CSB0080,1.0,0.0,1.0,0.0,1.0,0.0,0.0,0.0,0.0,0.0
CSC0217,4.132743362831858,1.5148339417405805,4.132743362831858,1.5148339417405805,4.115044247787611,1.4805417227040611,1.0614517488411295,0.4176919576359141,0.017699115044247787,0.18814417367671946
CSH0626,1.9826732673267327,0.5785210734579646,1.2202970297029703,0.44940977105939905,1.0544554455445545,0.22719554764241193,0.14686468646864687,0.32355349552753176,0.0,0.0
CSJ0340,1.0,0.0,1.0,0.0,1.0,0.0,0.0,0.0,0.0,0.0
CSL0949,1.0,0.0,1.0,0.0,1.0,0.0,0.0,0.0,0.0,0.0
CSP0197,2.147398843930636,0.4859852057136848,1.3439306358381502,0.4757062006927863,1.3439306358381502,0.4757062006927863,0.0,0.0,0.0,0.0
CTA0020,1.846820809248555,0.47816528247335266,1.0722543352601157,0.2807528265553745,1.0722543352601157,0.2807528265553745,0.0,0.0,8.604046242774567,0.6249738203447224
CTR0341,2.0285132382892055,0.5488407349818439,1.2382892057026476,0.4542770954546066,1.034623217922607,0.18301001029449504,0.16412084181941614,0.29648693610559856,0.0,0.0
CTR0697,1.7716763005780347,0.44056099857533343,1.0115606936416186,0.10705216425099406,1.0,0.0,0.010597302504816955,0.08446152068127959,0.0,0.0
CTW0500,1.0,0.0,1.0,0.0,1.0,0.0,0.0,0.0,0.0,0.0
CUD0795,1.0,0.0,1.0,0.0,1.0,0.0,0.0,0.0,0.0,0.0
CWB0065,2.11271676300578,0.4712119626528728,1.3208092485549132,0.4674636261457023,1.3208092485549132,0.4674636261457023,0.0,0.0,0.0,0.0
CWR0502,2.0115606936416186,0.4692076491754315,1.23121387283237,0.4222194297749104,1.23121387283237,0.4222194297749104,0.0,0.0,1.0057803468208093,0.8409594922198463
CXC0336,1.0,0.0,1.0,0.0,1.0,0.0,0.0,0.0,0.0,0.0
CYA0506,1.0,0.0,1.0,0.0,1.0,0.0,0.0,0.0,0.0,0.0
DAG0558,1.0,0.0,1.0,0.0,1.0,0.0,0.0,0.0,0.0,0.0
DAL0673,1.8179190751445087,0.455335206143699,1.0520231213872833,0.2223952859931339,1.0520231213872833,0.2223952859931339,0.0,0.0,0.9566473988439307,0.9268142583683926
DAR0885,1.5263157894736843,0.8297457150451856,1.5263157894736843,0.646689787584106,1.3421052631578947,0.6271478031521578,0.20614035087719298,0.453852727310921,0.0,0.0
DBB0384,1.0,0.0,1.0,0.0,1.0,0.0,0.0,0.0,8.601156069364162,0.630066795567025
DBG0261,1.0,0.0,1.0,0.0,1.0,0.0,0.0,0.0,0.0,0.0
DBS0235,1.0809248554913296,0.27311463880784304,1.0809248554913296,0.27311463880784304,1.0809248554913296,0.27311463880784304,0.569364161849711,0.479538607097918,0.0,0.0
DBW0483,0.9971098265895953,0.05376033305704704,1.0,0.0,1.0,0.0,0.0,0.0,0.0,0.0
DCC0160,1.0,0.0,1.0,0.0,1.0,0.0,0.0,0.0,0.0,0.0
DCH0843,1.013793103448276,0.11683288254435256,1.013793103448276,0.11683288254435256,1.0,0.0,1.0034482758620689,0.05872202195147035,0.07931034482758621,0.6475288722343145
DDA0476,1.0,0.0,1.0,0.0,1.0,0.0,0.0,0.0,0.0,0.0
DDM0579,1.0,0.0,1.0,0.0,1.0,0.0,0.0,0.0,0.0,0.0
DEB0782,1.0,0.0,1.0,0.0,1.0,0.0,0.0,0.0,0.0,0.0
DFH0188,2.0289017341040463,0.4495117565774358,1.245664739884393,0.43110406662471534,1.245664739884393,0.43110406662471534,0.0,0.0,1.1734104046242775,0.9594614668876257
DFR0218,3.921965317919075,1.3944954555699565,3.921965317919075,1.3944954555699565,3.921965317919075,1.3944954555699565,1.0583333333333333,0.4153268313167283,0.0,0.0
DGF0443,1.0,0.0,1.0,0.0,1.0,0.0,0.0,0.0,0.0,0.0
DGM0754,1.0,0.0,1.0,0.0,1.0,0.0,0.0,0.0,0.0,0.0
DGN0480,1.0,0.0,1.0,0.0,1.0,0.0,0.0,0.0,0.0,0.0
DGW0752,1.7861271676300579,0.4106319287183705,1.0,0.0,1.0,0.0,0.0,0.0,0.0,0.0
DHM0937,1.0,0.0,1.0,0.0,1.0,0.0,0.0,0.0,0.0,0.0
DIB0081,2.0987654320987654,0.46237137265520073,1.3024691358024691,0.4607515622839217,1.3024691358024691,0.4607515622839217,0.0,0.0,3.0617283950617282,1.0011878536614132
DIB0285,1.0,0.0,1.0,0.0,1.0,0.0,0.0,0.0,2.125,1.2328052332665522
DIC0988,1.0,0.0,1.0,0.0,1.0,0.0,0.014450867052023121,0.11951284770836139,0.0,0.0
DID0650,1.0,0.0,1.0,0.0,1.0,0.0,1.0,0.0,0.0,0.0
DIW0118,2.1358381502890174,0.4327720119282816,1.3583815028901733,0.4802194354746482,1.3583815028901733,0.4802194354746482,0.0,0.0,1.9739884393063585,1.0254244733721745
DJB0159,1.8526011560693643,0.442269047105543,1.0433526011560694,0.20394451492287655,1.0433526011560694,0.20394451492287655,0.0,0.0,0.0,0.0
DJS0682,1.0,0.0,1.0,0.0,1.0,0.0,0.5375722543352601,0.499308393255884,0.0,0.0
DKB0631,1.0,0.0,1.0,0.0,1.0,0.0,1.0,0.0,0.0,0.0
DLF0377,1.0,0.0,1.0,0.0,1.0,0.0,0.0,0.0,0.0,0.0
DLH0029,1.0,0.0,1.0,0.0,1.0,0.0,0.04335260115606936,0.2039445149228765,0.0,0.0
DLM0051,1.963302752293578,0.44311552173400875,1.1720183486238531,0.3778299314953996,1.1720183486238531,0.3778299314953996,0.27675840978593275,0.3327352362061293,8.658256880733944,0.6469739912506882
DLS0383,1.7427745664739884,0.43773771650693977,1.0,0.0,1.0,0.0,0.0,0.0,0.0,0.0
DMG0358,4.783236994219653,1.5101039167299428,3.9971098265895955,1.4595980286690111,3.9971098265895955,1.4595980286690111,0.9022983759977979,0.42007128370987673,0.0,0.0
DMK0257,2.008426966292135,0.6074066765416647,1.25,0.4649700883912766,1.0702247191011236,0.2558849985006299,0.175561797752809,0.36808155895392897,1.9353932584269662,1.0284872590826142
DMM0623,1.7661971830985916,0.42384561133970666,1.0,0.0,1.0,0.0,0.0,0.0,0.0,0.0
DOL0332,1.0,0.0,1.0,0.0,1.0,0.0,0.0,0.0,0.0,0.0
DOP0562,1.0,0.0,1.0,0.0,1.0,0.0,0.0,0.0,0.0,0.0
DPM0423,1.3208092485549132,0.46746362614570236,1.3208092485549132,0.46746362614570236,1.3208092485549132,0.46746362614570236,0.0,0.0,3.0809248554913293,1.021130524448331
DPS0262,1.1238938053097345,0.3309278989995905,1.1238938053097345,0.3568899230763262,1.0,0.0,0.18141592920353983,0.42290421757650376,0.0,0.0
DRR0162,1.0,0.0,1.0,0.0,1.0,0.0,0.0,0.0,2.18359375,1.331917523428417
DRR0242,1.0,0.0,1.0,0.0,1.0,0.0,0.0,0.0,0.0,0.0
DSB0731,1.0,0.0,1.0,0.0,1.0,0.0,0.0,0.0,0.0,0.0
DSM0591,1.0,0.0,1.0,0.0,1.0,0.0,0.0,0.0,0.0,0.0
DTP0379,1.9364161849710984,0.46501100522854744,1.1734104046242775,0.3791499864687534,1.1734104046242775,0.3791499864687534,0.0,0.0,0.0,0.0
DTT0076,1.0,0.0,1.0,0.0,1.0,0.0,0.0,0.0,0.0,0.0
DVM0265,1.1502890173410405,0.3578720162222433,1.1502890173410405,0.3578720162222433,1.1502890173410405,0.3578720162222433,0.0,0.0,0.0,0.0
DVW0103,1.0,0.0,1.0,0.0,1.0,0.0,0.0,0.0,0.0,0.0
DZC0228,1.0,0.0,1.0,0.0,1.0,0.0,0.5867052023121387,0.49313796737972665,0.0,0.0
EAH0466,1.8571428571428572,0.4936572484949416,1.1142857142857143,0.3228028510906756,1.1142857142857143,0.3228028510906756,0.0,0.0,0.42857142857142855,0.5576059269303897
EBC0390,1.0,0.0,1.0,0.0,1.0,0.0,0.0,0.0,0.0,0.0
ECF0828,1.0,0.0,1.0,0.0,1.0,0.0,1.0,0.0,0.0,0.0
ECL0930,1.783236994219653,0.41263653714483534,1.0,0.0,1.0,0.0,0.0,0.0,0.0,0.0
ECR0822,1.0,0.0,1.0,0.0,1.0,0.0,1.0,0.0,0.0,0.0
EDA0684,1.2571428571428571,0.505432670960188,1.2571428571428571,0.44343957363116,1.0857142857142856,0.28402864099869063,0.8047619047619048,0.4546163258560204,0.0,0.0
EDB0714,1.0,0.0,1.0,0.0,1.0,0.0,0.0,0.0,2.2107438016528924,1.1635046252285486
EFS0882,1.0,0.0,1.0,0.0,1.0,0.0,0.0,0.0,0.0,0.0
EGD0132,1.0,0.0,1.0,0.0,1.0,0.0,0.0,0.0,2.2222222222222223,1.2730150729219682
EGD0409,1.7714285714285714,0.42142029709507345,1.0,0.0,1.0,0.0,0.0,0.0,0.0,0.0
EGK0893,1.0,0.0,1.0,0.0,1.0,0.0,0.0,0.0,0.0,0.0
EHB0420,2.242081447963801,0.65827591253566,1.493212669683258,0.5763274886470198,1.332579185520362,0.4716710769450953,0.1363499245852187,0.31085744473323534,0.0,0.0
EHB0824,1.0314465408805031,0.20810731310937713,1.0314465408805031,0.17507263041807267,1.0,0.0,1.0209643605870022,0.13873820873958476,0.08176100628930817,0.7374996542296507
EHD0584,1.900473933649289,0.4826018402597236,1.1374407582938388,0.37170276149401876,1.113744075829384,0.3182552298608535,0.02409162717219589,0.1736022152238275,0.03317535545023697,0.22644007419023207
EHR0096,1.0,0.0,1.0,0.0,1.0,0.0,0.0,0.0,0.0,0.0
EIM0156,1.0,0.0,1.0,0.0,1.0,0.0,0.41040462427745666,0.4926195679255869,0.0,0.0
EIP0997,1.0,0.0,1.0,0.0,1.0,0.0,1.0,0.0,0.0,0.0
EIS0041,4.800578034682081,1.4815188880443169,4.020231213872832,1.4494960458603876,4.020231213872832,1.4494960458603876,0.9062001101018443,0.37334489668714765,3.8236994219653178,1.6821704963992758
EJW0884,0.9971098265895953,0.05376033305704704,1.0,0.0,1.0,0.0,0.0,0.0,0.0,0.0
ELB0847,1.1011560693641618,0.30197196132559107,1.1011560693641618,0.30197196132559107,1.1011560693641618,0.30197196132559107,0.9797687861271677,0.14099420794856785,0.0,0.0
ELH0960,1.0,0.0,1.0,0.0,1.0,0.0,0.0,0.0,0.0,0.0
ELT0769,1.0,0.0,1.0,0.0,1.0,0.0,0.0,0.0,0.0,0.0
EMB0531,1.7890173410404624,0.40859698402042877,1.0,0.0,1.0,0.0,0.0,0.0,0.0,0.0
EMS0317,1.0,0.0,1.0,0.0,1.0,0.0,0.0,0.0,0.0,0.0
EMW0105,1.0,0.0,1.0,0.0,1.0,0.0,0.0,0.0,0.0,0.0
EMW0772,1.0433526011560694,0.20394451492287655,1.0433526011560694,0.20394451492287655,1.0433526011560694,0.20394451492287655,0.0,0.0,0.37572254335260113,0.5926019006464158
ENC0234,1.864864864864865,0.44141364817990975,1.111969111969112,0.31593895834293795,1.111969111969112,0.31593895834293795,0.333976833976834,0.35779075847684516,0.0,0.0
ENL0100,1.0,0.0,1.0,0.0,1.0,0.0,0.0,0.0,0.0,0.0
EPW0434,1.0,0.0,1.0,0.0,1.0,0.0,0.0,0.0,0.0,0.0
ERH0449,1.0,0.0,1.0,0.0,1.0,0.0,0.0,0.0,0.0,0.0
ESA0642,1.0,0.0,1.0,0.0,1.0,0.0,1.0,0.0,0.0,0.0
ESH0135,1.0,0.0,1.0,0.0,1.0,0.0,0.0,0.0,0.0,0.0
ESH0283,1.1011560693641618,0.30197196132559095,1.1011560693641618,0.30197196132559095,1.1011560693641618,0.30197196132559095,0.0,0.0,0.40173410404624277,0.6662874853637754
ESJ0670,1.0934182590233545,0.2913271050451431,1.0934182590233545,0.2913271050451431,1.0934182590233545,0.2913271050451431,0.0,0.0,0.39278131634819535,0.6463242327020069
ESR0693,1.136094674556213,0.3439080587717268,1.136094674556213,0.3439080587717268,1.136094674556213,0.3439080587717268,0.47041420118343197,0.474668248847332,1.1715976331360947,1.0294001623664526
ETR0177,1.0,0.0,1.0,0.0,1.0,0.0,0.03757225433526012,0.19043474818137382,0.0,0.0
ETR0428,1.2052023121387283,0.40443424731399225,1.2052023121387283,0.40443424731399225,1.2052023121387283,0.40443424731399225,0.0,0.0,0.0,0.0
EWH0191,1.7716763005780347,0.42036018973954803,1.0,0.0,1.0,0.0,0.0,0.0,0.0,0.0
EZH0736,1.0,0.0,1.0,0.0,1.0,0.0,0.0,0.0,0.0,0.0
EZT0640,2.1184971098265897,0.48196944547184145,1.3410404624277457,0.4747454708853602,1.3410404624277457,0.4747454708853602,0.586223506743738,0.2722240885902539,0.0,0.0
FAW0032,1.023121387283237,0.15050666990597392,1.023121387283237,0.15050666990597392,1.0,0.0,0.010115606936416185,0.09652806719145224,0.0,0.0
FBA0348,1.0057803468208093,0.07591832580044909,1.0057803468208093,0.07591832580044909,1.0,0.0,0.005780346820809248,0.0759183258004491,0.0,0.0
FBW0747,1.0874316939890711,0.2828532984997542,1.0874316939890711,0.2828532984997542,1.0874316939890711,0.2828532984997542,0.0,0.0,0.0,0.0
FDE0117,1.0,0.0,1.0,0.0,1.0,0.0,1.0,0.0,0.0,0.0
FEB0306,2.023121387283237,0.4163855129172306,1.2080924855491328,0.4065312474948834,1.2080924855491328,0.4065312474948834,0.0,0.0,1.0433526011560694,0.9361495467406794
FFC0891,2.2763819095477387,0.5586735506865697,1.4673366834170853,0.557491171476099,1.3467336683417086,0.4771304000042258,0.08961474036850921,0.2353947351851617,2.100502512562814,1.0395947873875437
FGW0853,1.2816901408450705,0.5467701412219773,1.2816901408450705,0.49240269311881124,1.115492957746479,0.3200670336409436,0.20399061032863852,0.42171578051448005,0.0,0.0
FHO0630,1.0,0.0,1.0,0.0,1.0,0.0,0.0,0.0,0.0,0.0
FHS0837,1.0,0.0,1.0,0.0,1.0,0.0,1.0,0.0,0.0,0.0
FIR0920,1.26878612716763,0.4439705244603466,1.26878612716763,0.4439705244603466,1.26878612716763,0.4439705244603466,0.884393063583815,0.22762620352555368,0.0,0.0
FKB0163,1.0,0.0,1.0,0.0,1.0,0.0,0.0,0.0,0.0,0.0
FKK0055,1.8448275862068966,0.4330503245584847,1.0538793103448276,0.22602307476661126,1.0538793103448276,0.22602307476661126,0.0,0.0,0.3706896551724138,0.6063760911787567
FLM0213,0.9971098265895953,0.05376033305704705,1.0,0.0,1.0,0.0,0.0,0.0,0.0,0.0
FMG0527,1.011070110701107,0.1356300751622081,1.011070110701107,0.10482418557326745,1.0,0.0,0.012915129151291513,0.10008879479909381,0.04428044280442804,0.436605740814749
FOB0756,2.1458823529411766,0.4830995007614478,1.3341176470588236,0.4722369840931498,1.3341176470588236,0.4722369840931498,0.0,0.0,0.36470588235294116,0.5957209605336125
FPC0954,1.0,0.0,1.0,0.0,1.0,0.0,0.0,0.0,0.0,0.0
FQA0854,1.0144508670520231,0.1195128477083614,1.0144508670520231,0.1195128477083614,1.0144508670520231,0.1195128477083614,0.0,0.0,0.0,0.0
FRB0023,1.0,0.0,1.0,0.0,1.0,0.0,0.0,0.0,0.0,0.0
FRL0511,1.0,0.0,1.0,0.0,1.0,0.0,0.0,0.0,0.0,0.0
FRR0832,1.0,0.0,1.0,0.0,1.0,0.0,1.0,0.0,0.0,0.0
FSB0399,1.0,0.0,1.0,0.0,1.0,0.0,0.5522388059701493,0.49800746962967646,0.0,0.0
FSC0601,1.0588235294117647,0.2356795300554856,1.0588235294117647,0.2356795300554856,1.0588235294117647,0.2356795300554856,0.0,0.0,2.0718954248366015,1.1824097382160634
FTM0406,1.0121951219512195,0.10997986149878161,1.0121951219512195,0.10997986149878164,1.0,0.0,0.022357723577235773,0.17055769890095426,0.07317073170731707,0.7247319753107556
FUM0015,1.0,0.0,1.0,0.0,1.0,0.0,1.0,0.0,0.0,0.0
FWM0707,1.0809248554913296,0.2731146388078428,1.0809248554913296,0.2731146388078428,1.0809248554913296,0.2731146388078428,0.0,0.0,0.0,0.0
FXF0957,1.0,0.0,1.0,0.0,1.0,0.0,0.0,0.0,0.0,0.0
GAF0060,1.0,0.0,1.0,0.0,1.0,0.0,0.5317919075144508,0.49971089907961713,0.0,0.0
GAF0570,1.829479768786127,0.44701686366523774,1.0578034682080926,0.23370941102046108,1.0578034682080926,0.23370941102046108,0.0,0.0,0.0,0.0
GBM0603,1.0,0.0,1.0,0.0,1.0,0.0,0.0,0.0,0.0,0.0
GCC0744,1.0,0.0,1.0,0.0,1.0,0.0,0.0,0.0,0.0,0.0
GCC0945,1.0,0.0,1.0,0.0,1.0,0.0,0.0,0.0,0.0,0.0
GCG0951,1.8959537572254335,0.42479094691394415,1.0953757225433527,0.2941585944915508,1.0953757225433527,0.2941585944915508,0.0,0.0,0.0,0.0
GCL0016,1.8530927835051547,0.42719652377090817,1.0463917525773196,0.21060358964924578,1.0463917525773196,0.21060358964924578,0.0,0.0,0.34536082474226804,0.6261354533191629
GCR0554,1.0,0.0,1.0,0.0,1.0,0.0,0.0,0.0,0.0,0.0
GCS0518,1.0,0.0,1.0,0.0,1.0,0.0,0.0,0.0,0.0,0.0
GCS0571,1.8179190751445087,0.4223087054602923,1.0375722543352601,0.1904347481813738,1.0375722543352601,0.1904347481813738,0.0,0.0,0.3988439306358382,0.6018318354660606
GDF0704,1.8583815028901733,0.4241297779293865,1.0664739884393064,0.24946957216738797,1.0664739884393064,0.24946957216738797,0.0,0.0,0.0,0.0
GHH0288,1.160919540229885,0.37573561182262016,1.160919540229885,0.36798581661649926,1.1350574712643677,0.3422770792691364,0.03831417624521073,0.2120318571290268,2.057471264367816,1.05586133312641
GHL0460,1.008695652173913,0.13187609467915742,1.008695652173913,0.09304665439271642,1.0,0.0,0.008695652173913044,0.08046287205997867,0.04782608695652174,0.47868959157338176
GJD0298,1.0,0.0,1.0,0.0,1.0,0.0,0.0,0.0,0.0,0.0
GJT0386,1.0,0.0,1.0,0.0,1.0,0.0,0.0,0.0,0.0,0.0
GKO0078,2.1502890173410405,0.44456450306595313,1.3670520231213872,0.4826989131581001,1.3670520231213872,0.4826989131581001,0.0,0.0,1.0491329479768785,0.9011502148975139
GLR0975,1.7658959537572254,0.42405076348541804,1.0,0.0,1.0,0.0,0.0,0.0,0.0,0.0
GMF0738,1.0,0.0,1.0,0.0,1.0,0.0,0.0,0.0,0.0,0.0
GNS0178,1.9369627507163323,0.5158777268580933,1.151862464183381,0.3826378851400956,1.0744985673352436,0.2629575227338237,0.06876790830945559,0.24288806936889445,0.4355300859598854,0.6733844586274392
GNZ0953,1.7803468208092486,0.41461124931956084,1.0,0.0,1.0,0.0,0.0,0.0,0.0,0.0
GOK0238,1.0,0.0,1.0,0.0,1.0,0.0,0.0,0.0,0.0,0.0
GQF0659,1.0,0.0,1.0,0.0,1.0,0.0,1.0,0.0,0.0,0.0
GQP0743,1.0,0.0,1.0,0.0,1.0,0.0,0.0,0.0,0.0,0.0
GRC0145,1.0,0.0,1.0,0.0,1.0,0.0,0.0,0.0,0.0,0.0
GRM0868,1.0,0.0,1.0,0.0,1.0,0.0,0.0,0.0,0.0,0.0
GTD0116,1.0,0.0,1.0,0.0,1.0,0.0,1.0,0.0,0.0,0.0
GTD0219,4.1525423728813555,1.4654255742185645,4.1525423728813555,1.4654255742185645,4.135593220338983,1.4554069788693738,1.06999596448749,0.4084378009886466,4.059322033898305,1.63452271128253
GTD0898,1.0,0.0,1.0,0.0,1.0,0.0,0.0,0.0,0.0,0.0
GZB0469,1.0,0.0,1.0,0.0,1.0,0.0,0.0,0.0,0.0,0.0
GZC0735,2.0325814536340854,0.3901308925521149,1.2406015037593985,0.42798539295243193,1.2406015037593985,0.42798539295243193,0.0,0.0,0.9949874686716792,0.876823261841226
HAC0282,1.0,0.0,1.0,0.0,1.0,0.0,0.0,0.0,0.0,0.0
HAD0246,2.119433198380567,0.5660321332336493,1.3279352226720649,0.5112814389270646,1.1437246963562753,0.35116597024573687,0.13262483130904185,0.26222650120693713,0.4331983805668016,0.6293941620918189
HAH0248,1.0,0.0,1.0,0.0,1.0,0.0,0.0,0.0,0.0,0.0
HAH0760,1.7658959537572254,0.42405076348541804,1.0,0.0,1.0,0.0,0.0,0.0,1.9566473988439306,1.063695650847034
HAM0985,1.0,0.0,1.0,0.0,1.0,0.0,0.0,0.0,0.0,0.0
HAV0121,1.0,0.0,1.0,0.0,1.0,0.0,1.0,0.0,0.0,0.0
HBB0056,1.0,0.0,1.0,0.0,1.0,0.0,0.0,0.0,0.0,0.0
HBO0413,1.0,0.0,1.0,0.0,1.0,0.0,0.0,0.0,2.195046439628483,1.2813910268435518
HCC0344,1.0,0.0,1.0,0.0,1.0,0.0,0.0,0.0,0.0,0.0
HCL0113,1.0,0.0,1.0,0.0,1.0,0.0,0.0,0.0,0.0,0.0
HCL0651,1.861271676300578,0.3932069575748855,1.0751445086705202,0.26400616360046075,1.0751445086705202,0.26400616360046075,0.586223506743738,0.19830114904644935,1.9132947976878614,0.9681879742189187
HCM0267,1.0,0.0,1.0,0.0,1.0,0.0,0.0,0.0,8.624277456647398,0.6834610754353551
HCS0003,1.0,0.0,1.0,0.0,1.0,0.0,0.0,0.0,2.9104046242774566,1.013277854153383
HCV0478,1.7658959537572254,0.4240507634854181,1.0,0.0,1.0,0.0,0.0,0.0,0.0,0.0
HCW0419,1.7890173410404624,0.4085969840204289,1.0,0.0,1.0,0.0,0.0,0.0,0.0,0.0
HDD0789,1.0,0.0,1.0,0.0,1.0,0.0,0.0,0.0,0.0,0.0
HDD0806,1.9131355932203389,0.4308648275528565,1.1122881355932204,0.34187173323057746,1.1122881355932204,0.34187173323057746,0.5812146892655367,0.21329702241150256,0.0,0.0
HDH0928,1.0,0.0,1.0,0.0,1.0,0.0,1.0,0.0,1.9971098265895955,1.0425680526588652
HDJ0446,1.0,0.0,1.0,0.0,1.0,0.0,0.0,0.0,0.0,0.0
HDL0748,1.0,0.0,1.0,0.0,1.0,0.0,0.0,0.0,0.0,0.0
HDS0367,4.783236994219653,1.5004760351557558,3.9884393063583814,1.4284416939858626,3.9884393063583814,1.4284416939858626,0.930635838150289,0.37775077799297146,3.9421965317919074,1.7518883647146923
HFB0347,1.0,0.0,1.0,0.0,1.0,0.0,0.0,0.0,0.36363636363636365,0.6199807095334264
HGG0240,1.0,0.0,1.0,0.0,1.0,0.0,0.0,0.0,0.0,0.0
HGH0595,1.0,0.0,1.0,0.0,1.0,0.0,0.0,0.0,0.0,0.0
HGN0287,1.0,0.0,1.0,0.0,1.0,0.0,0.0,0.0,0.0,0.0
HIA0414,1.0,0.0,1.0,0.0,1.0,0.0,0.0,0.0,0.0,0.0
HIW0536,1.0,0.0,1.0,0.0,1.0,0.0,0.0,0.0,0.0,0.0
HJA0018,1.760115606936416,0.427631140579587,1.0,0.0,1.0,0.0,0.0,0.0,0.0,0.0
HJB0742,1.8429752066115703,0.4646555760582136,1.0867768595041323,0.28209122704394524,1.0743801652892562,0.2629323708449511,0.013774104683195591,0.10428084057562599,0.024793388429752067,0.22175497364850352
HJS0072,1.84,0.5537749241945383,1.08,0.2768874620972692,1.08,0.2768874620972692,0.0,0.0,1.04,0.8888194417315589
HKB0418,1.0,0.0,1.0,0.0,1.0,0.0,0.0,0.0,0.0,0.0
HKF0831,1.0,0.0,1.0,0.0,1.0,0.0,1.0,0.0,0.0,0.0
HKI0171,0.9971098265895953,0.05376033305704704,1.0,0.0,1.0,0.0,0.0,0.0,0.0,0.0
HKR0628,2.0491329479768785,0.42448516091710486,1.2947976878612717,0.4566120855083882,1.2947976878612717,0.4566120855083882,0.0,0.0,0.0,0.0
HLH0512,1.0182926829268293,0.13414408350663135,1.0182926829268293,0.13414408350663135,1.0182926829268293,0.13414408350663135,0.0,0.0,0.0,0.0
HLM0933,1.0,0.0,1.0,0.0,1.0,0.0,0.0,0.0,0.0,0.0
HMM0108,2.1818181818181817,0.38924947208076155,1.4545454545454546,0.502518907629606,1.4545454545454546,0.502518907629606,0.0,0.0,1.8181818181818181,0.883823953706156
HMW0713,1.0,0.0,1.0,0.0,1.0,0.0,0.0,0.0,0.0,0.0
HOB0994,1.0,0.0,1.0,0.0,1.0,0.0,1.0,0.0,0.0,0.0
HPH0075,1.7846534653465347,0.4115722184867986,1.0,0.0,1.0,0.0,0.0,0.0,7.871287128712871,0.9494767145625266
HPM0986,1.0,0.0,1.0,0.0,1.0,0.0,0.0,0.0,0.0,0.0
HPR0585,1.754335260115607,0.4311040666247153,1.0,0.0,1.0,0.0,0.0,0.0,0.0,0.0
HRB0351,1.887728459530026,0.4406454207247999,1.0966057441253263,0.2958065886228327,1.0966057441253263,0.2958065886228327,0.0,0.0,0.3472584856396867,0.5896458725368938
HRD0635,2.3555555555555556,0.5670961139849918,1.5555555555555556,0.6017037815230398,1.5222222222222221,0.6038784344100789,0.5175925925925926,0.21033474763306967,0.0,0.0
HRL0540,1.8583815028901733,0.44415917515487224,1.0722543352601157,0.2592835257402242,1.0722543352601157,0.2592835257402242,0.6223506743737958,0.24826897850668905,8.578034682080926,0.9362166595272033
HRW0550,1.0,0.0,1.0,0.0,1.0,0.0,0.0,0.0,0.0,0.0
HSB0196,1.04,0.20664080415283004,1.04,0.1961657785094736,1.0,0.0,0.04105263157894737,0.18909887175766601,8.010526315789473,0.9220086406198957
HSD0457,1.0,0.0,1.0,0.0,1.0,0.0,0.0,0.0,0.0,0.0
HSG0818,1.7890173410404624,0.4085969840204289,1.0,0.0,1.0,0.0,0.6054913294797688,0.20429849201021444,0.0,0.0
HSP0290,1.0,0.0,1.0,0.0,1.0,0.0,0.0,0.0,0.0,0.0
HTF0641,1.0,0.0,1.0,0.0,1.0,0.0,1.0,0.0,0.0,0.0
HTH0007,1.7716763005780347,0.42719994214318907,1.0057803468208093,0.07591832580044906,1.0057803468208093,0.07591832580044906,0.319364161849711,0.3805421765864851,0.0,0.0
HVB0037,1.0,0.0,1.0,0.0,1.0,0.0,0.0,0.0,0.0,0.0
HVF0067,1.8410404624277457,0.4109276371768241,1.046242774566474,0.21031457189301062,1.046242774566474,0.21031457189301062,0.0,0.0,2.005780346820809,0.9660744402355341
HWH0646,1.8179190751445087,0.3864700964643594,1.0,0.0,1.0,0.0,0.5910404624277457,0.1932350482321797,0.0,0.0
HWM0342,1.0549132947976878,0.22814086291145302,1.0549132947976878,0.22814086291145302,1.0549132947976878,0.22814086291145302,0.0,0.0,0.0,0.0
HWW0436,2.1285714285714286,0.5385278822713144,1.3428571428571427,0.521341510851929,1.302857142857143,0.46015178403121965,0.03333333333333333,0.15271083306530112,1.8971428571428572,1.0075604496815995
HWY0038,4.157407407407407,1.408665020819072,4.157407407407407,1.408665020819072,4.157407407407407,1.408665020819072,1.0848765432098766,0.399158883547434,0.0,0.0
HXL0968,1.0,0.0,1.0,0.0,1.0,0.0,0.0,0.0,2.2180094786729856,1.348670534056979
IAR0694,2.118811881188119,0.45189710313165843,1.3341584158415842,0.47228028715078846,1.3341584158415842,0.47228028715078846,0.25495049504950495,0.2660149662186409,0.0,0.0
IAT0263,1.0,0.0,1.0,0.0,1.0,0.0,0.0,0.0,0.0,0.0
IBB0359,4.802292263610315,1.5604285498426755,4.040114613180516,1.4927395121701195,3.962750716332378,1.4587387869658586,0.8930140537590393,0.381631840617564,11.275071633237822,1.8426563808690393
IBB0696,1.8410404624277457,0.4447999890311424,1.060693641618497,0.23911329875315016,1.060693641618497,0.23911329875315016,0.0,0.0,2.046242774566474,1.037360244621681
IBM0671,1.7890173410404624,0.4225466817395934,1.0404624277456647,0.1973265226857463,1.0404624277456647,0.1973265226857463,0.0,0.0,0.4190751445086705,0.6598948182464606
IBP0883,1.971671388101983,0.57829273090411,1.2039660056657224,0.4241115298482148,1.0,0.0,0.1529745042492918,0.31783545814093067,0.0,0.0
IBS0836,1.8802083333333333,0.44100994741193217,1.0911458333333333,0.28819187759472903,1.0416666666666667,0.20008701327364017,0.6206597222222222,0.2636936622299478,1.0104166666666667,0.887920581524533
ICH0294,1.239884393063584,0.427631140579587,1.239884393063584,0.427631140579587,1.239884393063584,0.427631140579587,0.0,0.0,1.9248554913294798,1.015882914020481
ICS0956,1.0,0.0,1.0,0.0,1.0,0.0,0.0,0.0,0.0,0.0
IDO0176,1.0,0.0,1.0,0.0,1.0,0.0,0.0,0.0,0.0,0.0
IEB0153,1.0295698924731183,0.16962564762141866,1.0295698924731183,0.16962564762141866,1.0295698924731183,0.16962564762141866,0.0,0.0,0.0,0.0
IHK0841,1.0,0.0,1.0,0.0,1.0,0.0,1.0,0.0,0.0,0.0
IIA0092,1.0,0.0,1.0,0.0,1.0,0.0,0.0,0.0,0.0,0.0
IIL0513,1.0,0.0,1.0,0.0,1.0,0.0,0.0,0.0,0.0,0.0
IIW0249,1.0902255639097744,0.3038772881929776,1.0902255639097744,0.28686434951599776,1.0526315789473684,0.22357722599851063,0.07644110275689223,0.3086628088425944,8.458646616541353,1.3755470991727405
IJM0139,1.0,0.0,1.0,0.0,1.0,0.0,0.0,0.0,0.0,0.0
IJM0444,2.1264367816091956,0.5538359332407838,1.382183908045977,0.509759338114622,1.3448275862068966,0.47599642085440386,0.03184865900383142,0.1645013971332138,1.0718390804597702,0.8970075499322527
IJM0776,1.0,0.0,1.0,0.0,1.0,0.0,0.0,0.0,2.046783625730994,1.3364257224890226
IJR0825,1.0,0.0,1.0,0.0,1.0,0.0,1.0,0.0,0.0,0.0
IJW0851,1.0,0.0,1.0,0.0,1.0,0.0,0.0,0.0,0.0,0.0
IKP0472,2.0525252525252524,0.4330345411565957,1.2545454545454546,0.43604607509971227,1.2545454545454546,0.43604607509971227,0.0,0.0,1.0484848484848486,0.9338834980487993
IKR0401,1.0,0.0,1.0,0.0,1.0,0.0,0.6411149825783972,0.48051124873342244,1.9825783972125435,1.1418805676253974
ILC0838,1.0,0.0,1.0,0.0,1.0,0.0,1.0,0.0,0.0,0.0
ILH0958,2.1300578034682083,0.5083288871573592,1.346820809248555,0.5604902173451671,1.346820809248555,0.5604902173451671,0.0,0.0,0.43352601156069365,0.6615114407763177
ILJ0526,2.168,0.512976008236972,1.3973333333333333,0.5659626537945733,1.3973333333333333,0.5659626537945733,0.0,0.0,1.008,0.8970778467343871
ILR0304,1.0,0.0,1.0,0.0,1.0,0.0,0.0,0.0,0.0,0.0
IMB0481,1.0,0.0,1.0,0.0,1.0,0.0,0.0,0.0,0.0,0.0
IMG0320,1.0,0.0,1.0,0.0,1.0,0.0,0.0,0.0,0.0,0.0
IMP0530,1.0,0.0,1.0,0.0,1.0,0.0,0.0,0.0,0.0,0.0
IRM0931,2.219206680584551,0.5372783157494105,1.427974947807933,0.5808397032549951,1.3444676409185803,0.47569117132641414,0.06645789839944329,0.21478358395797723,1.0542797494780793,0.9039531110714957
IRT0491,1.0,0.0,1.0,0.0,1.0,0.0,0.0,0.0,0.0,0.0
IUB0565,1.0,0.0,1.0,0.0,1.0,0.0,0.0,0.0,2.111111111111111,1.1848672280539947
IUY0279,1.800578034682081,0.44799030913775767,1.0520231213872833,0.22239528599313402,1.0520231213872833,0.22239528599313402,0.0,0.0,0.0,0.0
IWM0816,1.7976878612716762,0.4023054945966547,1.0,0.0,1.0,0.0,0.6011560693641619,0.20115274729832736,0.0,0.0
IYB0918,1.0,0.0,1.0,0.0,1.0,0.0,1.0,0.0,0.0,0.0
JAD0609,1.2658959537572254,0.4424489563758438,1.2658959537572254,0.4424489563758438,1.2658959537572254,0.4424489563758438,0.0,0.0,0.0,0.0
JAJ0849,2.0291479820627805,0.5119275673685428,1.2556053811659194,0.4760818231701361,1.1681614349775784,0.37442958077432276,0.6119207772795218,0.2590591306253137,0.0,0.0
JAM0382,1.0,0.0,1.0,0.0,1.0,0.0,0.0,0.0,0.0,0.0
JAV0361,4.0,1.3662601021279468,4.0,1.3662601021279468,4.0,1.3662601021279468,1.1002408477842005,0.40439904694151035,0.0,0.0
JBD0616,1.8497109826589595,0.39630529550001026,1.046242774566474,0.21031457189301056,1.046242774566474,0.21031457189301056,0.0,0.0,8.644508670520231,0.6353694953149529
JBM0350,1.2329545454545454,0.4680617951529948,1.2329545454545454,0.4494305585825546,1.0454545454545454,0.2085954062582479,0.6661931818181818,0.578240361001445,0.0,0.0
JCC0225,3.9739884393063583,1.4149982290701852,3.9739884393063583,1.4149982290701852,3.9739884393063583,1.4149982290701852,1.0804431599229287,0.40035169258819264,0.0,0.0
JCG0316,2.121387283236994,0.44689503389059504,1.3554913294797688,0.47935514193394974,1.3554913294797688,0.47935514193394974,0.0,0.0,2.014450867052023,1.0368957932139342
JCR0172,1.7764127764127764,0.4171613037350159,1.0,0.0,1.0,0.0,0.0,0.0,0.4176904176904177,0.652755864924757
JCR0289,1.0,0.0,1.0,0.0,1.0,0.0,0.0,0.0,0.0,0.0
JCR0770,1.0,0.0,1.0,0.0,1.0,0.0,0.0,0.0,0.0,0.0
JCR0921,1.0,0.0,1.0,0.0,1.0,0.0,1.0,0.0,0.0,0.0
JCV0245,1.0,0.0,1.0,0.0,1.0,0.0,0.0,0.0,0.0,0.0
JCW0858,1.0,0.0,1.0,0.0,1.0,0.0,0.0,0.0,0.0,0.0
JDB0169,1.7919075144508672,0.40653124749488334,1.0,0.0,1.0,0.0,0.0,0.0,7.927745664739884,0.9250047263780499
JDC0030,1.8742138364779874,0.44071377882948765,1.0733752620545074,0.26102523232008984,1.0733752620545074,0.26102523232008984,0.5793151642208245,0.19340382334606543,0.39832285115303984,0.6551647722072925
JDF0593,2.1128608923884515,0.6116134435101633,1.3333333333333333,0.5298129428260177,1.2020997375328084,0.40209425515200636,0.1279527559055118,0.3372785079339753,8.275590551181102,1.7666970312794263
JER0404,1.0,0.0,1.0,0.0,1.0,0.0,0.653179190751445,0.47664741895923723,0.0,0.0
JFC0557,1.777456647398844,0.41655649041793497,1.0,0.0,1.0,0.0,0.0,0.0,4.043352601156069,1.0527392990830133
JFC0757,1.0,0.0,1.0,0.0,1.0,0.0,0.0,0.0,0.0,0.0
JGM0934,1.8034682080924855,0.3979506857158401,1.0,0.0,1.0,0.0,0.0,0.0,0.0,0.0
JGT0221,4.2773722627737225,1.4789201496128421,4.2773722627737225,1.4789201496128421,4.262773722627737,1.4565777426834767,1.092005561348627,0.400608607418835,0.014598540145985401,0.1708715315433522
JHP0583,2.100985221674877,0.49903513301028457,1.3251231527093597,0.5045074455087253,1.2192118226600985,0.41422290111786064,0.08107553366174056,0.2333885138472008,2.0123152709359604,0.9749180701826655
JIG0128,1.0,0.0,1.0,0.0,1.0,0.0,1.0,0.0,0.0,0.0
JIM0095,1.0,0.0,1.0,0.0,1.0,0.0,0.0,0.0,0.0,0.0
JJB0127,1.0,0.0,1.0,0.0,1.0,0.0,1.0,0.0,0.0,0.0
JJB0700,1.0722543352601157,0.2592835257402242,1.0722543352601157,0.2592835257402242,1.0722543352601157,0.2592835257402242,0.0,0.0,0.0,0.0
JJH0292,1.8693181818181819,0.45912289835493464,1.0909090909090908,0.28788901139168704,1.0909090909090908,0.28788901139168704,0.0,0.0,0.0,0.0
JJH0613,2.054913294797688,0.4237740969125418,1.260115606936416,0.43933281226153664,1.260115606936416,0.43933281226153664,0.0,0.0,3.031791907514451,1.0393006135222163
JJM0203,2.009478672985782,0.4679287830125048,1.2417061611374407,0.42913526440078986,1.2417061611374407,0.42913526440078986,0.0,0.0,2.028436018957346,1.1988672905750424
JKB0126,0.9971098265895953,0.05376033305704704,1.0,0.0,1.0,0.0,0.9971098265895953,0.05376033305704704,0.0,0.0
JKF0465,1.0,0.0,1.0,0.0,1.0,0.0,0.0,0.0,0.0,0.0
JKJ0698,1.0656108597285068,0.2568661874384126,1.0678733031674208,0.25181338204385784,1.0678733031674208,0.25181338204385784,0.0,0.0,0.0,0.0
JKM0303,1.0,0.0,1.0,0.0,1.0,0.0,0.0,0.0,0.0,0.0
JLM0364,3.9223880597014924,1.4184225124444043,3.9223880597014924,1.4184225124444043,3.916417910447761,1.4138532958525873,1.0888059701492536,0.3843017800044862,0.005970149253731343,0.10927167294163061
JLW0053,1.0,0.0,1.0,0.0,1.0,0.0,0.661849710982659,0.47376511083689243,0.0,0.0
JMB0308,1.026143790849673,0.16008683574123192,1.026143790849673,0.16008683574123192,1.0,0.0,0.026143790849673203,0.1494600993356744,0.05228758169934641,0.4259795163286767
JMC0925,2.2130681818181817,0.6109631981764774,1.4346590909090908,0.5761082694691496,1.2954545454545454,0.4692016838740244,0.5788352272727273,0.23274474807219006,0.0,0.0
JMD0520,2.0086206896551726,0.5603985251638901,1.2298850574712643,0.47897944882693627,1.1408045977011494,0.38748644937781074,0.05914750957854406,0.20322442702474824,1.9080459770114941,1.0029602743883028
JMH0543,1.7719298245614035,0.4205112834955866,1.0,0.0,1.0,0.0,0.0,0.0,0.0,0.0
JMK0099,2.1242774566473988,0.4620561148058261,1.3439306358381502,0.4757062006927865,1.3439306358381502,0.4757062006927865,0.0,0.0,0.407514450867052,0.6968676551369523
JML0909,1.7947976878612717,0.4044342473139926,1.0,0.0,1.0,0.0,0.0,0.0,0.0,0.0
JMW0638,1.0,0.0,1.0,0.0,1.0,0.0,1.0,0.0,0.0,0.0
JNA0559,0.9971098265895953,0.053760333057047034,1.0,0.0,1.0,0.0,0.0,0.0,0.0,0.0
JNJ0556,0.9971098265895953,0.05376033305704704,1.0,0.0,1.0,0.0,0.0,0.0,8.679190751445086,0.5931741524228971
JOL0024,1.0,0.0,1.0,0.0,1.0,0.0,0.0,0.0,0.0,0.0
JOM0750,1.0,0.0,1.0,0.0,1.0,0.0,0.0,0.0,0.0,0.0
JPA0667,1.0,0.0,1.0,0.0,1.0,0.0,0.0,0.0,0.0,0.0
JPW0741,1.0,0.0,1.0,0.0,1.0,0.0,0.0,0.0,0.0,0.0
JRF0835,1.0,0.0,1.0,0.0,1.0,0.0,1.0,0.0,0.0,0.0
JRG0207,1.0141342756183747,0.14517613290653808,1.0141342756183747,0.1451761329065381,1.0,0.0,0.015901060070671377,0.12880307182256565,0.0812720848056537,0.7223158727548366
JRH0455,1.0,0.0,1.0,0.0,1.0,0.0,0.0,0.0,0.0,0.0
JRL0574,1.0,0.0,1.0,0.0,1.0,0.0,0.0,0.0,0.0,0.0
JRS0362,4.011560693641618,1.43451628692916,4.011560693641618,1.43451628692916,4.011560693641618,1.43451628692916,1.0766377649325625,0.43111580407283456,0.0,0.0
JSA0775,1.0,0.0,1.0,0.0,1.0,0.0,0.0,0.0,0.0,0.0
JSH0330,1.0,0.0,1.0,0.0,1.0,0.0,0.0,0.0,0.0,0.0
JTM0223,5.267605633802817,1.491895329156682,4.436619718309859,1.5227112285544742,4.422535211267606,1.5080114361831523,0.8569584171696847,0.35732836833944054,0.014084507042253521,0.16783627165933782
JTS0389,1.222543352601156,0.41655649041793474,1.222543352601156,0.41655649041793474,1.222543352601156,0.41655649041793474,0.0,0.0,0.3930635838150289,0.6244843730448858
JXH0493,1.0,0.0,1.0,0.0,1.0,0.0,0.0,0.0,0.0,0.0
JZD0888,1.0,0.0,1.0,0.0,1.0,0.0,0.0,0.0,0.0,0.0
KAC0124,1.0,0.0,1.0,0.0,1.0,0.0,1.0,0.0,0.0,0.0
KAL0395,1.0,0.0,1.0,0.0,1.0,0.0,0.5751445086705202,0.49503694130803294,0.0,0.0
KAT0270,1.0,0.0,1.0,0.0,1.0,0.0,0.0,0.0,0.0,0.0
KAT0489,1.0,0.0,1.0,0.0,1.0,0.0,0.0,0.0,0.0,0.0
KBB0189,1.0,0.0,1.0,0.0,1.0,0.0,0.476878612716763,0.5001884540553128,0.0,0.0
KBC0054,1.0,0.0,1.0,0.0,1.0,0.0,0.0,0.0,0.0,0.0
KBG0549,1.8786127167630058,0.3989178626874818,1.0664739884393064,0.24946957216738794,1.0664739884393064,0.24946957216738794,0.0,0.0,0.31213872832369943,0.5805769677495628
KBL0260,1.0,0.0,1.0,0.0,1.0,0.0,0.0,0.0,0.0,0.0
KBP0008,2.1184971098265897,0.45728124887352734,1.3410404624277457,0.47474547088536007,1.3410404624277457,0.47474547088536007,0.22591522157996147,0.2690824401916331,0.0,0.0
KBS0874,1.7803468208092486,0.4146112493195609,1.0,0.0,1.0,0.0,0.0,0.0,0.0,0.0
KCB0815,1.80635838150289,0.3957235587610779,1.0,0.0,1.0,0.0,0.596820809248555,0.19786177938053895,0.0,0.0
KCF0045,4.017341040462428,1.4304108599566119,4.017341040462428,1.4304108599566119,4.017341040462428,1.4304108599566119,1.0366570327552986,0.4460736201851835,0.0,0.0
KCO0122,2.0253521126760563,0.6261076760383245,1.2450704225352112,0.43724507743200663,1.0507042253521126,0.21970270065934838,0.652112676056338,0.28925800667319657,1.980281690140845,1.0773240176801877
KCS0173,1.9797687861271676,0.4200013164330306,1.19364161849711,0.3957235587610778,1.19364161849711,0.3957235587610778,0.0,0.0,1.0404624277456647,0.8738280366952462
KDS0349,1.0,0.0,1.0,0.0,1.0,0.0,0.0,0.0,0.0,0.0
KDT0346,1.7976878612716762,0.40230549459665454,1.0,0.0,1.0,0.0,0.0,0.0,0.0,0.0
KES0729,1.8265895953757225,0.4360407364380752,1.0578034682080926,0.23370941102046122,1.0578034682080926,0.23370941102046122,0.0,0.0,0.0,0.0
KJA0152,1.0,0.0,1.0,0.0,1.0,0.0,0.0,0.0,0.0,0.0
KJG0910,1.0,0.0,1.0,0.0,1.0,0.0,0.0,0.0,0.0,0.0
KJJ0293,1.9971098265895955,0.4340477160258031,1.2254335260115607,0.4184726714229031,1.2254335260115607,0.4184726714229031,0.0,0.0,0.9971098265895953,0.9246967537814131
KJM0887,1.0,0.0,1.0,0.0,1.0,0.0,0.0,0.0,0.0,0.0
KJP0371,4.028901734104046,1.4200540739438476,4.028901734104046,1.4200540739438476,4.028901734104046,1.4200540739438476,1.0821772639691716,0.4296652024539235,0.0,0.0
KJS0618,1.0,0.0,1.0,0.0,1.0,0.0,0.0,0.0,0.0,0.0
KJW0416,1.0,0.0,1.0,0.0,1.0,0.0,0.0,0.0,0.0,0.0
KKC0683,1.0,0.0,1.0,0.0,1.0,0.0,0.5838150289017341,0.4936388522099518,0.0,0.0
KKS0119,1.777456647398844,0.416556490417935,1.0,0.0,1.0,0.0,0.0,0.0,0.0,0.0
KKW0879,1.1744791666666667,0.431494748033513,1.1744791666666667,0.39351762970826326,1.125,0.33115038035993977,0.06814236111111112,0.25954506736876154,8.481770833333334,1.029426563273551
KLH0596,1.0068493150684932,0.08261826616014963,1.0068493150684932,0.08261826616014963,1.0,0.0,0.010273972602739725,0.09211486334337692,0.06506849315068493,0.7455796394276021
KLM0639,1.0,0.0,1.0,0.0,1.0,0.0,1.0,0.0,0.0,0.0
KMB0922,2.0623229461756374,0.6230170707207604,1.3031161473087818,0.5345095783167851,1.1558073654390935,0.4074260770263124,0.6598205854579792,0.30627053514625346,1.0396600566572238,0.9099275058642892
KMS0657,1.0,0.0,1.0,0.0,1.0,0.0,1.0,0.0,0.0,0.0
KMW0545,1.7947976878612717,0.4044342473139924,1.0,0.0,1.0,0.0,0.0,0.0,0.37283236994219654,0.6112582041237319
KNB0022,1.0,0.0,1.0,0.0,1.0,0.0,0.0,0.0,0.0,0.0
KNG0672,1.0,0.0,1.0,0.0,1.0,0.0,0.0,0.0,0.0,0.0
KNW0644,1.0,0.0,1.0,0.0,1.0,0.0,1.0,0.0,0.0,0.0
KPC0073,1.0335570469798658,0.1806933860554772,1.0335570469798658,0.21485719275301732,1.0,0.0,0.03691275167785235,0.19359647126858326,0.053691275167785234,0.3243545544893081
KPP0452,1.0,0.0,1.0,0.0,1.0,0.0,0.0,0.0,0.0,0.0
KPR0497,2.1358381502890174,0.41218965290340137,1.3323699421965318,0.471745008029927,1.3323699421965318,0.471745008029927,0.0,0.0,0.0,0.0
KQC0708,1.0,0.0,1.0,0.0,1.0,0.0,0.0,0.0,0.0,0.0
KQS0415,1.0,0.0,1.0,0.0,1.0,0.0,0.0,0.0,0.0,0.0
KRG0158,1.0,0.0,1.0,0.0,1.0,0.0,0.48554913294797686,0.5005149396624772,0.0,0.0
KRL0062,1.0,0.0,1.0,0.0,1.0,0.0,0.0,0.0,0.0,0.0
KRL0501,1.0,0.0,1.0,0.0,1.0,0.0,0.0,0.0,2.1433962264150943,1.2193996029408793
KRM0541,1.0520231213872833,0.222395285993134,1.0520231213872833,0.222395285993134,1.0520231213872833,0.222395285993134,0.0,0.0,0.0,0.0
KRV0372,4.07514450867052,1.3705454777543675,4.07514450867052,1.3705454777543675,4.07514450867052,1.3705454777543675,1.111897880539499,0.3978693995604663,0.0,0.0
KSH0569,1.0,0.0,1.0,0.0,1.0,0.0,0.0,0.0,0.0,0.0
KSP0357,3.9873417721518987,1.403630319341532,3.9873417721518987,1.403630319341532,3.9873417721518987,1.403630319341532,1.060548523206751,0.41490455544149624,0.0,0.0
KSP0966,1.0,0.0,1.0,0.0,1.0,0.0,0.0,0.0,0.0,0.0
KTG0091,1.0,0.0,1.0,0.0,1.0,0.0,0.0,0.0,0.0,0.0
KVS0425,1.0,0.0,1.0,0.0,1.0,0.0,0.0,0.0,0.0,0.0
KVT0028,1.0,0.0,1.0,0.0,1.0,0.0,0.028901734104046242,0.1677729889555262,0.0,0.0
KWC0004,1.0,0.0,1.0,0.0,1.0,0.0,0.0,0.0,0.0,0.0
KWE0082,1.7947976878612717,0.4044342473139923,1.0,0.0,1.0,0.0,0.0,0.0,2.0722543352601157,1.072979924199318
LAF0991,1.7716763005780347,0.42036018973954803,1.0,0.0,1.0,0.0,0.6141618497109826,0.21018009486977401,0.0,0.0
LAM0911,1.7514450867052023,0.43280104696170946,1.0,0.0,1.0,0.0,0.6242774566473989,0.21640052348085473,0.0,0.0
LAP0338,1.790983606557377,0.4070233707925877,1.0,0.0,1.0,0.0,0.0,0.0,0.0,0.0
LBC0356,4.803468208092486,1.4572515704455622,4.020231213872832,1.3944594106084491,4.020231213872832,1.3944594106084491,0.8827484172859895,0.37620921668202906,0.0,0.0
LBF0214,2.196969696969697,0.619767918174704,1.4242424242424243,0.5758111977576423,1.2640692640692641,0.44131422193329,0.11580086580086581,0.2576227056217831,1.0194805194805194,0.9183885199572768
LBH0942,1.8079470198675496,0.39435000493271893,1.0,0.0,1.0,0.0,0.0,0.0,8.6158940397351,0.6365795679015359
LCB0664,1.9710982658959537,0.416023210956979,1.2052023121387283,0.40443424731399236,1.2052023121387283,0.40443424731399236,0.0,0.0,8.604046242774567,0.6522077006689886
LCC0819,1.0,0.0,1.0,0.0,1.0,0.0,1.0,0.0,2.229299363057325,1.314966176151565
LCD0622,1.0,0.0,1.0,0.0,1.0,0.0,0.0,0.0,0.0,0.0
LDB0090,1.0,0.0,1.0,0.0,1.0,0.0,0.0,0.0,0.0,0.0
LDD0560,1.25,0.5430209893473685,1.25,0.4385290096535146,1.1,0.3038218101251,0.14166666666666666,0.3170151029502782,0.0,0.0
LDG0459,2.0635838150289016,0.4712030734544711,1.2572254335260116,0.4377377165069399,1.2572254335260116,0.4377377165069399,0.0,0.0,0.45375722543352603,0.6719215697997306
LDM0587,1.0,0.0,1.0,0.0,1.0,0.0,0.0,0.0,0.0,0.0
LEM0605,1.0,0.0,1.0,0.0,1.0,0.0,0.0,0.0,0.0,0.0
LFS0071,1.0,0.0,1.0,0.0,1.0,0.0,0.0,0.0,0.0,0.0
LHB0606,1.0,0.0,1.0,0.0,1.0,0.0,0.0,0.0,0.0,0.0
LHB0967,1.0,0.0,1.0,0.0,1.0,0.0,0.0,0.0,0.0,0.0
LHL0309,1.0,0.0,1.0,0.0,1.0,0.0,0.0,0.0,0.0,0.0
LHN0151,1.0,0.0,1.0,0.0,1.0,0.0,0.0,0.0,0.0,0.0
LIM0674,2.0672268907563027,0.5362860072032898,1.3109243697478992,0.4928915911927207,1.246498599439776,0.43157707674549883,0.052521008403361345,0.187756964851284,0.37254901960784315,0.6479244745316154
LJB0826,1.0,0.0,1.0,0.0,1.0,0.0,1.0,0.0,0.0,0.0
LJJ0905,1.0578034682080926,0.23370941102046122,1.0578034682080926,0.23370941102046122,1.0578034682080926,0.23370941102046122,0.0,0.0,0.0,0.0
LJR0523,1.0119047619047619,0.15430334996209188,1.0178571428571428,0.13282802738448582,1.0,0.0,0.03273809523809524,0.20575464250247236,0.03571428571428571,0.21591906730771057
LJT0817,1.846820809248555,0.4720645463424955,1.1040462427745665,0.30576269694145947,1.1040462427745665,0.30576269694145947,0.5948940269749519,0.2071265065204113,1.893063583815029,1.0286382620757646
LLV0602,1.0,0.0,1.0,0.0,1.0,0.0,0.0,0.0,0.0,0.0
LMF0980,1.7803468208092486,0.414611249319561,1.0,0.0,1.0,0.0,0.0,0.0,0.0,0.0
LNR0656,1.0,0.0,1.0,0.0,1.0,0.0,1.0,0.0,0.0,0.0
LNS0989,2.0289017341040463,0.48666562237021044,1.245664739884393,0.4311040666247154,1.245664739884393,0.4311040666247154,0.012042389210019268,0.07464011433643418,0.0,0.0
LOF0311,1.0,0.0,1.0,0.0,1.0,0.0,0.0,0.0,0.0,0.0
LOM0086,1.795774647887324,0.42172782716317847,1.0352112676056338,0.18496585197533985,1.0352112676056338,0.18496585197533985,0.0,0.0,2.0140845070422535,1.0783880503483672
LPC0492,1.0751445086705202,0.2640061636004608,1.0751445086705202,0.2640061636004608,1.0751445086705202,0.2640061636004608,0.0,0.0,0.0,0.0
LPH0572,1.0,0.0,1.0,0.0,1.0,0.0,0.0,0.0,0.0,0.0
LQC0479,1.0203045685279188,0.17377533181786708,1.0203045685279188,0.1737753318178671,1.0,0.0,0.019458544839255496,0.14201873060620002,0.04568527918781726,0.5080416205396555
LQP0508,2.060693641618497,0.4090477932672967,1.2658959537572254,0.44244895637584375,1.2658959537572254,0.44244895637584375,0.0,0.0,0.0,0.0
LRR0148,2.1025,0.4329692899213956,1.3425,0.47514013234351027,1.3425,0.47514013234351027,0.2625,0.3353894397590148,1.97,0.9728649266026262
LRW0970,1.0,0.0,1.0,0.0,1.0,0.0,0.0,0.0,0.0,0.0
LTS0860,1.0,0.0,1.0,0.0,1.0,0.0,0.0,0.0,0.0,0.0
LUR0896,1.33003300330033,0.5608552470813646,1.33003300330033,0.5305148682150591,1.1683168316831682,0.37476633596157083,0.1551155115511551,0.3462646987201945,0.0,0.0
MAD0496,1.0,0.0,1.0,0.0,1.0,0.0,0.0,0.0,0.0,0.0
MAD0753,1.0,0.0,1.0,0.0,1.0,0.0,0.0,0.0,0.0,0.0
MAE0331,1.0,0.0,1.0,0.0,1.0,0.0,0.0,0.0,0.0,0.0
MAH0149,1.7947976878612717,0.40443424731399247,1.0,0.0,1.0,0.0,0.0,0.0,0.0,0.0
MAH0864,1.0,0.0,1.0,0.0,1.0,0.0,0.0,0.0,0.0,0.0
MAR0955,1.0168350168350169,0.12887015406026567,1.0168350168350169,0.12887015406026567,1.0,0.0,0.02356902356902357,0.16780596133284617,0.0707070707070707,0.6247030416557057
MAS0025,1.0248756218905473,0.1561349078609147,1.0248756218905473,0.1561349078609147,1.0,0.0,0.024875621890547265,0.1561349078609147,0.07960199004975124,0.5776087263849291
MAW0166,1.0,0.0,1.0,0.0,1.0,0.0,0.0,0.0,0.0,0.0
MBG0438,1.0,0.0,1.0,0.0,1.0,0.0,0.0,0.0,0.0,0.0
MBJ0312,1.8554913294797688,0.3984555926886885,1.0404624277456647,0.19732652268574635,1.0404624277456647,0.19732652268574635,0.0,0.0,2.9739884393063583,1.0366695502365744
MBR0724,1.0,0.0,1.0,0.0,1.0,0.0,0.0,0.0,0.0,0.0
MBW0809,1.0,0.0,1.0,0.0,1.0,0.0,1.0,0.0,0.0,0.0
MCD0125,2.0681818181818183,0.44837368459685634,1.2556818181818181,0.43748840429902136,1.2556818181818181,0.43748840429902136,0.5445075757575757,0.1929095781424689,0.375,0.6199078272499181
MCF0327,1.0,0.0,1.0,0.0,1.0,0.0,0.0,0.0,0.0,0.0
MCF0600,1.2520325203252032,0.4796852017893223,1.2520325203252032,0.4534402903330222,1.2276422764227641,0.4201653344175662,0.024051490514905148,0.14448557292898612,0.14634146341463414,1.08933926297807
MCJ0324,1.0,0.0,1.0,0.0,1.0,0.0,0.0,0.0,0.0,0.0
MCS0035,1.0,0.0,1.0,0.0,1.0,0.0,0.0,0.0,0.0,0.0
MCT0720,1.0,0.0,1.0,0.0,1.0,0.0,0.0,0.0,0.0,0.0
MDH0580,1.0,0.0,1.0,0.0,1.0,0.0,0.0,0.0,2.1317567567567566,1.223860918328475
MDH0686,1.840958605664488,0.4515620105527822,1.0610021786492374,0.23959545142716737,1.0610021786492374,0.23959545142716737,0.39106753812636164,0.35139577242537184,0.0,0.0
MDM0625,1.9797687861271676,0.41304237598121024,1.1791907514450868,0.3840673756200409,1.1791907514450868,0.3840673756200409,0.0,0.0,7.898843930635838,0.9977649480282326
MDM0976,1.0,0.0,1.0,0.0,1.0,0.0,0.0,0.0,0.0,0.0
MES0407,1.0,0.0,1.0,0.0,1.0,0.0,0.0,0.0,0.0,0.0
MFV0897,1.0,0.0,1.0,0.0,1.0,0.0,0.0,0.0,0.0,0.0
MGS0974,1.1078947368421053,0.3106564493514939,1.1078947368421053,0.3106564493514939,1.1078947368421053,0.3106564493514939,0.0,0.0,0.3736842105263158,0.6141189327827934
MHA0798,1.0,0.0,1.0,0.0,1.0,0.0,0.0,0.0,0.0,0.0
MHG0244,1.0,0.0,1.0,0.0,1.0,0.0,0.0,0.0,0.0,0.0
MHG0733,1.0,0.0,1.0,0.0,1.0,0.0,0.0,0.0,0.0,0.0
MHH0180,1.77007299270073,0.4215556335309813,1.0,0.0,1.0,0.0,0.0,0.0,0.0,0.0
MIB0904,1.8092485549132948,0.393462535734841,1.0,0.0,1.0,0.0,0.0,0.0,0.0,0.0
MIC0726,1.0,0.0,1.0,0.0,1.0,0.0,0.0,0.0,0.0,0.0
MIL0255,1.0,0.0,1.0,0.0,1.0,0.0,0.0,0.0,0.0,0.0
MIM0712,1.0,0.0,1.0,0.0,1.0,0.0,0.0,0.0,0.0,0.0
MJB0588,1.0,0.0,1.0,0.0,1.0,0.0,0.0,0.0,0.0,0.0
MJM0510,2.1040462427745665,0.45763834610576737,1.3352601156069364,0.47276499842729236,1.3352601156069364,0.47276499842729236,0.0,0.0,0.0,0.0
MJS0890,1.0,0.0,1.0,0.0,1.0,0.0,0.0,0.0,0.0,0.0
MKG0711,1.0,0.0,1.0,0.0,1.0,0.0,0.0,0.0,0.0,0.0
MKL0941,1.0,0.0,1.0,0.0,1.0,0.0,0.0,0.0,0.0,0.0
MKP0861,1.7919075144508672,0.4065312474948834,1.0,0.0,1.0,0.0,0.0,0.0,0.0,0.0
MKS0204,1.0,0.0,1.0,0.0,1.0,0.0,0.0,0.0,0.0,0.0
MKW0441,1.8703170028818443,0.42044658726733486,1.0864553314121037,0.2915294532837095,1.0662824207492796,0.24913436448769866,0.020172910662824207,0.1424948664730629,2.0172910662824206,0.9969552688557033
MLD0755,1.7630057803468209,0.4258545508940999,1.0,0.0,1.0,0.0,0.0,0.0,0.0,0.0
MLG0475,1.0,0.0,1.0,0.0,1.0,0.0,0.0,0.0,0.0,0.0
MLL0598,1.0,0.0,1.0,0.0,1.0,0.0,0.0,0.0,8.031791907514451,0.9907547832990626
MLM0950,1.9858156028368794,0.4816905793747103,1.2033096926713949,0.4087762526324837,1.1843971631205674,0.38826696389545756,0.02226162332545311,0.16098190301148946,2.0094562647754137,1.0164082460354027
MLP0668,1.0,0.0,1.0,0.0,1.0,0.0,0.0,0.0,0.0,0.0
MMB0488,1.0,0.0,1.0,0.0,1.0,0.0,0.0,0.0,0.0,0.0
MMG0943,1.3439306358381502,0.47570620069278635,1.3439306358381502,0.47570620069278635,1.3439306358381502,0.47570620069278635,0.0,0.0,0.0,0.0
MNC0717,2.066473988439306,0.44223116214341185,1.3150289017341041,0.4652001274532914,1.3150289017341041,0.4652001274532914,0.0,0.0,0.0,0.0
MNR0829,1.0,0.0,1.0,0.0,1.0,0.0,1.0,0.0,0.0,0.0
MNS0224,4.083815028901734,1.364741695750995,4.083815028901734,1.364741695750995,4.083815028901734,1.364741695750995,1.0930635838150289,0.4119511616107731,0.0,0.0
MOH0273,1.0,0.0,1.0,0.0,1.0,0.0,0.0,0.0,7.867830423940149,0.9669475327917588
MOP0763,1.0,0.0,1.0,0.0,1.0,0.0,0.0,0.0,0.0,0.0
MOS0047,5.0852272727272725,1.6418136155032783,4.295454545454546,1.6047008864785157,4.295454545454546,1.6047008864785157,0.8869926948051948,0.3495434576185791,5.045454545454546,2.1482702192845613
MPM0220,4.977064220183486,1.6501435785888887,4.220183486238532,1.5411875136896118,4.059633027522936,1.462629364308448,0.9270969855832242,0.4003401024648685,11.440366972477063,1.8463125170982162
MPT0376,2.010958904109589,0.4568049707189285,1.2301369863013698,0.4214981559496014,1.2301369863013698,0.4214981559496014,0.0,0.0,1.1232876712328768,0.9513611630828271
MSD0939,1.0,0.0,1.0,0.0,1.0,0.0,0.0,0.0,0.0,0.0
MSG0839,1.0,0.0,1.0,0.0,1.0,0.0,1.0,0.0,0.0,0.0
MSH0040,4.117647058823529,1.4774826807081352,4.117647058823529,1.4774826807081352,4.117647058823529,1.4774826807081352,1.0949019607843138,0.40643089037766655,0.0,0.0
MSO0222,3.9748953974895396,1.4375653034270766,3.9748953974895396,1.4375653034270766,3.9665271966527196,1.4285977987088323,1.1203128113169953,0.41544368378530017,0.008368200836820083,0.1293692454706302
MSS0001,1.7745664739884393,0.4184726714229032,1.0,0.0,1.0,0.0,0.0,0.0,0.0,0.0
MSZ0310,1.0,0.0,1.0,0.0,1.0,0.0,0.0,0.0,0.0,0.0
MTB0620,1.8092485549132948,0.39346253573484113,1.0,0.0,1.0,0.0,0.0,0.0,2.9046242774566475,1.0575506307899678
MTT0901,1.6896551724137931,0.4708236154307584,1.0,0.0,1.0,0.0,0.0,0.0,3.103448275862069,1.371777459726897
MVB0515,2.0578034682080926,0.47194918246408285,1.260115606936416,0.4951638445738024,1.260115606936416,0.4951638445738024,0.0,0.0,1.060693641618497,0.9163972202559247
MVF0594,1.0,0.0,1.0,0.0,1.0,0.0,0.0,0.0,0.0,0.0
MVH0373,3.742424242424242,1.3846477592692725,3.742424242424242,1.3846477592692725,3.742424242424242,1.3846477592692725,1.0797979797979798,0.4247826508231009,0.0,0.0
MYD0978,1.0119047619047619,0.10867337872803161,1.0119047619047619,0.10867337872803161,1.0,0.0,0.017857142857142856,0.12888802479991746,0.027777777777777776,0.2737198058121605
NAB0801,1.0,0.0,1.0,0.0,1.0,0.0,0.0,0.0,0.0,0.0
NAB0903,1.0,0.0,1.0,0.0,1.0,0.0,0.0,0.0,0.0,0.0
NAF0033,1.0,0.0,1.0,0.0,1.0,0.0,0.0,0.0,0.0,0.0
NAF0326,2.1331877729257642,0.5057125437617748,1.3580786026200873,0.60137535504817,1.3580786026200873,0.60137535504817,0.0,0.0,1.965065502183406,1.0804013437300852
NAH0503,1.150990099009901,0.4101370707156039,1.150990099009901,0.3786799717354201,1.0940594059405941,0.29227329478471226,0.07879537953795379,0.28816137710706174,0.0,0.0
NAR0981,1.0,0.0,1.0,0.0,1.0,0.0,0.0,0.0,0.0,0.0
NBC0412,1.0086705202312138,0.09284533561690396,1.0086705202312138,0.09284533561690396,1.0086705202312138,0.09284533561690396,0.0,0.0,0.0,0.0
NBH0256,1.0,0.0,1.0,0.0,1.0,0.0,0.0,0.0,0.0,0.0
NCE0097,1.0,0.0,1.0,0.0,1.0,0.0,0.0,0.0,0.0,0.0
NCH0179,1.0,0.0,1.0,0.0,1.0,0.0,0.0,0.0,0.0,0.0
NCK0295,1.0,0.0,1.0,0.0,1.0,0.0,0.0,0.0,0.0,0.0
NCK0421,1.0,0.0,1.0,0.0,1.0,0.0,0.0,0.0,0.0,0.0
NCO0666,1.7976878612716762,0.4164659816614193,1.0115606936416186,0.10705216425099408,1.0115606936416186,0.10705216425099408,0.0,0.0,0.0,0.0
NDM0417,2.0809248554913293,0.4495862962938219,1.2745664739884393,0.44694189542628615,1.2745664739884393,0.44694189542628615,0.0,0.0,2.0,1.035598265794194
NGC0058,1.1495327102803738,0.4003216111705122,1.1495327102803738,0.4003216111705122,1.1495327102803738,0.4003216111705122,0.5911214953271028,0.46877974677481243,0.4088785046728972,0.6072286292288399
NGF0157,1.9390243902439024,0.48818713033045763,1.1365853658536584,0.35086766189937785,1.0463414634146342,0.21048036917286164,0.37682926829268293,0.40162969507230795,0.348780487804878,0.5997644000436034
NGO0690,1.7976878612716762,0.40230549459665466,1.0,0.0,1.0,0.0,0.38439306358381503,0.350468516824379,0.0,0.0
NHE0919,1.76878612716763,0.42221942977491034,1.0,0.0,1.0,0.0,0.615606936416185,0.21110971488745517,0.0,0.0
NHH0185,1.0260115606936415,0.15940010686590372,1.0260115606936415,0.15940010686590372,1.0260115606936415,0.15940010686590372,0.0,0.0,0.0,0.0
NIH0969,1.8121387283236994,0.3985081503759481,1.0028901734104045,0.053760333057047034,1.0028901734104045,0.053760333057047034,0.0,0.0,0.0,0.0
NJB0243,1.0867052023121386,0.2818101114746937,1.0867052023121386,0.2818101114746937,1.0867052023121386,0.2818101114746937,0.0,0.0,0.0,0.0
NJC0705,1.0,0.0,1.0,0.0,1.0,0.0,0.0,0.0,0.0,0.0
NKH0807,1.0,0.0,1.0,0.0,1.0,0.0,1.0,0.0,0.0,0.0
NKH0979,2.086705202312139,0.44199430755936925,1.2745664739884393,0.4469418954262863,1.2745664739884393,0.4469418954262863,0.0,0.0,0.0,0.0
NKP0236,1.0260115606936415,0.1594001068659038,1.0260115606936415,0.15940010686590378,1.0,0.0,0.031791907514450865,0.16724787659093596,0.3554913294797688,0.6073810886759037
NLO0131,1.0,0.0,1.0,0.0,1.0,0.0,0.0,0.0,0.0,0.0
NMB0972,1.0,0.0,1.0,0.0,1.0,0.0,0.0,0.0,0.0,0.0
NMC0486,1.0,0.0,1.0,0.0,1.0,0.0,0.0,0.0,0.0,0.0
NMF0780,1.0,0.0,1.0,0.0,1.0,0.0,0.0,0.0,0.0,0.0
NMG0766,1.0,0.0,1.0,0.0,1.0,0.0,0.0,0.0,0.0,0.0
NMS0280,1.0412844036697249,0.19917577712406917,1.0412844036697249,0.19917577712406917,1.0412844036697249,0.19917577712406917,0.0,0.0,0.3555045871559633,0.617553178855507
NNA0610,1.0,0.0,1.0,0.0,1.0,0.0,0.0,0.0,0.0,0.0
NNS0059,1.0,0.0,1.0,0.0,1.0,0.0,0.5289017341040463,0.49988689346476545,0.0,0.0
NOB0181,2.01890756302521,0.4275507527466873,1.1974789915966386,0.3985156004076178,1.1974789915966386,0.3985156004076178,0.0,0.0,1.1071428571428572,0.8844096625025195
NRD0548,1.0,0.0,1.0,0.0,1.0,0.0,0.0,0.0,0.0,0.0
NRF0137,1.0,0.0,1.0,0.0,1.0,0.0,0.0,0.0,0.0,0.0
NRO0768,1.0,0.0,1.0,0.0,1.0,0.0,0.0,0.0,0.0,0.0
NSC0597,1.0491329479768785,0.21645858381105412,1.0491329479768785,0.21645858381105412,1.0491329479768785,0.21645858381105412,0.0,0.0,0.0,0.0
NSS0876,1.0,0.0,1.0,0.0,1.0,0.0,0.0,0.0,0.0,0.0
NUL0471,1.76878612716763,0.4222194297749105,1.0,0.0,1.0,0.0,0.0,0.0,0.0,0.0
NWK0215,1.8955555555555557,0.5040837928168769,1.1177777777777778,0.322703563205488,1.0,0.0,0.10518518518518519,0.2686687607851056,0.0,0.0
NWT0098,1.0,0.0,1.0,0.0,1.0,0.0,0.0,0.0,2.0470219435736676,1.0790962192781333
OBH0499,2.085057471264368,0.5121853278389558,1.2919540229885058,0.4940238223524758,1.2183908045977012,0.4136297504074896,0.05651340996168582,0.20919340625404098,8.519540229885058,1.0544877849388294
OCB0805,1.0,0.0,1.0,0.0,1.0,0.0,0.0,0.0,0.0,0.0
OCS0865,1.8381502890173411,0.4404754222855089,1.0664739884393064,0.2494695721673879,1.0664739884393064,0.2494695721673879,0.0,0.0,1.9046242774566473,0.992511966351502
OHC0973,1.0,0.0,1.0,0.0,1.0,0.0,0.0,0.0,0.0,0.0
OJK0233,1.0,0.0,1.0,0.0,1.0,0.0,0.5404624277456648,0.4990818410756701,0.0,0.0
OKB0439,1.0,0.0,1.0,0.0,1.0,0.0,0.0,0.0,0.0,0.0
OKC0107,1.0,0.0,1.0,0.0,1.0,0.0,0.0,0.0,0.0,0.0
OLB0749,1.0,0.0,1.0,0.0,1.0,0.0,0.0,0.0,0.0,0.0
OLF0504,1.0,0.0,1.0,0.0,1.0,0.0,0.0,0.0,0.0,0.0
OLW0689,1.7716763005780347,0.4203601897395479,1.0,0.0,1.0,0.0,0.36560693641618497,0.3787880082554403,2.0635838150289016,1.053085399277794
OMM0944,1.0,0.0,1.0,0.0,1.0,0.0,0.0,0.0,0.0,0.0
OMS0101,1.0,0.0,1.0,0.0,1.0,0.0,0.0,0.0,0.0,0.0
ONL0276,1.0,0.0,1.0,0.0,1.0,0.0,0.0,0.0,0.0,0.0
ONW0083,1.0,0.0,1.0,0.0,1.0,0.0,0.0,0.0,0.0,0.0
OQH0183,1.0,0.0,1.0,0.0,1.0,0.0,0.0,0.0,0.0,0.0
ORB0473,1.0,0.0,1.0,0.0,1.0,0.0,0.0,0.0,0.0,0.0
ORG0339,1.0,0.0,1.0,0.0,1.0,0.0,0.0,0.0,0.0,0.0
ORM0669,1.2572254335260116,0.43773771650694,1.2572254335260116,0.43773771650694,1.2572254335260116,0.43773771650694,0.0,0.0,0.0,0.0
OSH0655,1.0,0.0,1.0,0.0,1.0,0.0,1.0,0.0,0.0,0.0
OYM0026,1.0895953757225434,0.2860148134027335,1.0895953757225434,0.2860148134027335,1.0895953757225434,0.2860148134027335,0.0,0.0,0.0,0.0
PAD0773,2.0173410404624277,0.4303552753997814,1.216763005780347,0.4126365371448352,1.216763005780347,0.4126365371448352,0.0,0.0,0.3583815028901734,0.6175235573553038
PBP0002,1.0,0.0,1.0,0.0,1.0,0.0,0.0,0.0,0.0,0.0
PDH0716,1.8815028901734103,0.4311817885465843,1.0780346820809248,0.26861460773628615,1.0780346820809248,0.26861460773628615,0.0,0.0,1.9566473988439306,0.996151596318696
PDW0259,1.8872832369942196,0.4393804803365709,1.115606936416185,0.3202160617655151,1.115606936416185,0.3202160617655151,0.0,0.0,0.0,0.0
PES0085,1.7745664739884393,0.4184726714229033,1.0,0.0,1.0,0.0,0.0,0.0,0.0,0.0
PEV0323,1.9378531073446328,0.5122653359299417,1.1694915254237288,0.38318224894339126,1.036723163841808,0.1883475094988986,0.12900188323917136,0.34171714820354204,0.0,0.0
PGC0066,1.0,0.0,1.0,0.0,1.0,0.0,0.0,0.0,0.0,0.0
PGH0184,1.7729257641921397,0.4198586841311163,1.0,0.0,1.0,0.0,0.0,0.0,0.0,0.0
PGO0433,1.0,0.0,1.0,0.0,1.0,0.0,0.0,0.0,0.0,0.0
PID0426,1.2704225352112677,0.5675784537714984,1.2704225352112677,0.4930002596225533,1.087323943661972,0.2827076395383226,0.215962441314554,0.42661785983976525,0.0,0.0
PIS0522,2.0,0.43070552164653236,1.245664739884393,0.43110406662471523,1.245664739884393,0.43110406662471523,0.0,0.0,0.0,0.0
PKB0281,1.0,0.0,1.0,0.0,1.0,0.0,0.0,0.0,0.0,0.0
PKB0429,1.0,0.0,1.0,0.0,1.0,0.0,0.0,0.0,0.0,0.0
PLH0715,1.0,0.0,1.0,0.0,1.0,0.0,0.0,0.0,0.0,0.0
PLH0862,1.0,0.0,1.0,0.0,1.0,0.0,0.0,0.0,0.0,0.0
PMC0328,1.7947976878612717,0.4044342473139925,1.0,0.0,1.0,0.0,0.0,0.0,1.9364161849710984,1.0640381872701616
PMJ0564,2.138328530259366,0.5081993332110518,1.3515850144092219,0.518743001184279,1.276657060518732,0.44799141387765196,0.05355427473583093,0.18621448427110768,0.0,0.0
PMV0850,1.939306358381503,0.4090477932672968,1.1734104046242775,0.3791499864687537,1.1734104046242775,0.3791499864687537,0.6035645472061657,0.25370074648775026,1.0867052023121386,0.8869404240088357
PNH0761,1.2322946175637395,0.4970133565511746,1.2322946175637395,0.4552466906167883,1.1076487252124645,0.3103761850649509,0.14305949008498584,0.35454723837773694,0.34277620396600567,0.6429779777618249
PNL0301,1.0,0.0,1.0,0.0,1.0,0.0,0.0,0.0,2.1153846153846154,1.269805870159222
POB0343,1.0,0.0,1.0,0.0,1.0,0.0,0.0,0.0,0.0,0.0
PPF0435,1.013793103448276,0.11683288254435256,1.013793103448276,0.11683288254435255,1.0,0.0,0.015517241379310345,0.11284573807353214,0.09310344827586207,0.8813449279340005
PRM0740,1.0,0.0,1.0,0.0,1.0,0.0,0.0,0.0,0.0,0.0
PSF0133,1.0,0.0,1.0,0.0,1.0,0.0,0.0,0.0,2.1473684210526316,1.1949489909870572
PTH0552,1.7658959537572254,0.4240507634854179,1.0,0.0,1.0,0.0,0.0,0.0,0.0,0.0
PTH0830,1.0,0.0,1.0,0.0,1.0,0.0,1.0,0.0,0.0,0.0
QCH0110,1.0,0.0,1.0,0.0,1.0,0.0,0.0,0.0,0.0,0.0
QJR0688,1.3416666666666666,0.48651738339488354,1.3416666666666666,0.48651738339488354,1.3416666666666666,0.48651738339488354,0.4,0.4135585093653903,1.113888888888889,0.9115943906276691
QNF0205,1.0,0.0,1.0,0.0,1.0,0.0,0.0,0.0,0.0,0.0
QNP0216,4.066473988439307,1.376270004544309,4.066473988439307,1.376270004544309,4.066473988439307,1.376270004544309,1.0642100192678225,0.4318345342174494,0.0,0.0
QOS0878,2.1946902654867255,0.4974651294248462,1.3982300884955752,0.5753853213414214,1.3982300884955752,0.5753853213414214,0.0,0.0,2.1150442477876106,1.0066937787113222
QPM0727,1.0,0.0,1.0,0.0,1.0,0.0,0.0,0.0,0.0,0.0
QRM0739,1.0549132947976878,0.228140862911453,1.0549132947976878,0.228140862911453,1.0549132947976878,0.228140862911453,0.0,0.0,8.638728323699421,0.6320911704154566
QSV0778,1.0,0.0,1.0,0.0,1.0,0.0,0.0,0.0,0.0,0.0
RAB0589,2.1928934010152283,0.487967728323096,1.3959390862944163,0.5491958465822938,1.380710659898477,0.5366501373677335,0.01692047377326565,0.1496261133694315,0.02030456852791878,0.1737753318178671
RAG0275,1.0,0.0,1.0,0.0,1.0,0.0,0.0,0.0,0.0,0.0
RAH0440,1.0,0.0,1.0,0.0,1.0,0.0,0.0,0.0,0.0,0.0
RAM0447,1.7951002227171493,0.4040785938679154,1.0,0.0,1.0,0.0,0.0,0.0,0.0,0.0
RAR0725,1.0,0.0,1.0,0.0,1.0,0.0,0.0,0.0,2.0350877192982457,1.2597606534674621
RAS0432,1.7427745664739884,0.43773771650693993,1.0,0.0,1.0,0.0,0.0,0.0,0.0,0.0
RAW0915,1.886138613861386,0.44208612231945643,1.0915841584158417,0.30549713842301346,1.0915841584158417,0.30549713842301346,0.5839521452145214,0.21080942624012836,1.0841584158415842,0.9119262380674745
RBB0485,1.0,0.0,1.0,0.0,1.0,0.0,0.0,0.0,0.0,0.0
RCC0617,1.0,0.0,1.0,0.0,1.0,0.0,0.0,0.0,0.0,0.0
RCP0785,1.0,0.0,1.0,0.0,1.0,0.0,0.0,0.0,0.0,0.0
RDM0115,1.0,0.0,1.0,0.0,1.0,0.0,0.0,0.0,0.0,0.0
RDM0150,1.0,0.0,1.0,0.0,1.0,0.0,0.0,0.0,0.0,0.0
RDT0424,1.9942196531791907,0.40997857599154286,1.2080924855491328,0.4065312474948834,1.2080924855491328,0.4065312474948834,0.0,0.0,1.0375722543352601,0.9113003302235919
RFP0380,1.0,0.0,1.0,0.0,1.0,0.0,0.0,0.0,0.0,0.0
RGG0064,1.8063063063063063,0.42899003337878505,1.018018018018018,0.1333170264374938,1.0,0.0,0.015765765765765764,0.1115577762647564,0.02702702702702703,0.23144087170223168
RGH0728,1.0,0.0,1.0,0.0,1.0,0.0,0.0,0.0,0.0,0.0
RGN0408,0.9971098265895953,0.05376033305704704,1.0,0.0,1.0,0.0,0.0,0.0,0.0,0.0
RHC0335,1.0,0.0,1.0,0.0,1.0,0.0,0.0,0.0,0.0,0.0
RHL0992,1.8238636363636365,0.4245318276964316,1.0397727272727273,0.19598237397554635,1.0397727272727273,0.19598237397554635,0.6079545454545454,0.22401781778238686,2.102272727272727,1.2145759775307616
RHO0732,2.2966101694915255,0.6936701508617567,1.53954802259887,0.6385765146866846,1.3615819209039548,0.4811386227375475,0.1362994350282486,0.2897577327721992,1.9491525423728813,1.033551518569552
RHP0484,1.8872832369942196,0.4259823982305431,1.0895953757225434,0.2860148134027335,1.0895953757225434,0.2860148134027335,0.0,0.0,0.0,0.0
RHY0079,1.0346820809248556,0.18323830234449334,1.0346820809248556,0.18323830234449334,1.0346820809248556,0.18323830234449334,0.0,0.0,0.0,0.0
RIH0777,1.0,0.0,1.0,0.0,1.0,0.0,0.0,0.0,0.0,0.0
RJB0088,1.0,0.0,1.0,0.0,1.0,0.0,0.0,0.0,0.0,0.0
RJM0381,1.0520231213872833,0.2223952859931339,1.0520231213872833,0.2223952859931339,1.0520231213872833,0.2223952859931339,0.0,0.0,0.0,0.0
RKD0604,1.0198675496688743,0.18148273289752898,1.0198675496688743,0.14000946041829646,1.0,0.0,0.029801324503311258,0.15526094249649738,0.13245033112582782,1.0371467057187345
RKF0164,1.0,0.0,1.0,0.0,1.0,0.0,0.0,0.0,0.0,0.0
RLB0719,1.0459770114942528,0.23562026681257675,1.0459770114942528,0.2097368174909117,1.0,0.0,0.05316091954022988,0.2356334462769226,0.0,0.0
RLG0856,1.8653295128939829,0.46937990123561685,1.0601719197707737,0.23814651679608603,1.0,0.0,0.06255969436485195,0.2206291219878446,1.0630372492836677,0.9687846108251935
RMS0266,1.0,0.0,1.0,0.0,1.0,0.0,0.0,0.0,0.0,0.0
RMW0542,1.0,0.0,1.0,0.0,1.0,0.0,0.0,0.0,2.3167701863354035,1.4160789183889397
RNF0765,1.0,0.0,1.0,0.0,1.0,0.0,0.0,0.0,0.0,0.0
RNL0695,1.7745664739884393,0.418472671422903,1.0,0.0,1.0,0.0,0.40028901734104044,0.36637658260979056,0.0,0.0
RNP0211,1.80635838150289,0.39572355876107795,1.0,0.0,1.0,0.0,0.0,0.0,3.101156069364162,1.012185950683054
ROB0272,0.9971098265895953,0.05376033305704704,1.0,0.0,1.0,0.0,0.0,0.0,0.0,0.0
RRA0938,1.7572254335260116,0.4293808701387567,1.0,0.0,1.0,0.0,0.0,0.0,0.0,0.0
RRC0553,1.7763157894736843,0.41948171864897976,1.013157894736842,0.11470786693528098,1.013157894736842,0.11470786693528098,0.0,0.0,1.0657894736842106,0.9428400545273055
RRP0568,1.8757225433526012,0.4016490261235255,1.0635838150289016,0.24436345032191178,1.0635838150289016,0.24436345032191178,0.0,0.0,1.1011560693641618,0.915976611264363
RSC0089,2.1849865951742626,0.703745595171333,1.4343163538873995,0.6213944401013101,1.292225201072386,0.5265720270635152,0.12336907953529937,0.29849242654852515,7.7640750670241285,1.4584188354948442
RSM0277,2.138728323699422,0.4547368739488539,1.3439306358381502,0.47570620069278646,1.3439306358381502,0.47570620069278646,0.0,0.0,1.1358381502890174,0.9579803739728427
RTO0313,2.0338028169014084,0.6368938709211305,1.2535211267605635,0.4905407444953235,1.0845070422535212,0.2785393131347279,0.14488262910798122,0.32944951660011024,0.0,0.0
RUM0880,1.8857142857142857,0.5118329649759005,1.1228571428571428,0.36193187021007395,1.042857142857143,0.20282491254628077,0.08333333333333333,0.2780721140368139,2.0028571428571427,1.0085552986433677
RVC0232,1.0,0.0,1.0,0.0,1.0,0.0,0.5664739884393064,0.496279194054992,0.0,0.0
RVF0201,1.8352601156069364,0.4360887643641192,1.0578034682080926,0.2337094110204611,1.0578034682080926,0.2337094110204611,0.0,0.0,0.9971098265895953,0.8928006899421219
RYB0718,1.0,0.0,1.0,0.0,1.0,0.0,0.0,0.0,0.0,0.0
RZC0746,1.9270833333333333,0.41988147414627114,1.1,0.3003129891305087,1.1,0.3003129891305087,0.0,0.0,0.0,0.0
SAA0999,1.8208092485549132,0.4131539117723165,1.0260115606936415,0.15940010686590378,1.0260115606936415,0.15940010686590378,0.5934489402697496,0.19846947252369432,8.647398843930636,0.6301199769805463
SAB0781,1.7976878612716762,0.40230549459665466,1.0,0.0,1.0,0.0,0.0,0.0,1.0664739884393064,0.9000339740220374
SAC0592,1.7745664739884393,0.418472671422903,1.0,0.0,1.0,0.0,0.0,0.0,0.0,0.0
SAC0687,1.0,0.0,1.0,0.0,1.0,0.0,1.0,0.0,0.0,0.0
SAH0599,1.0,0.0,1.0,0.0,1.0,0.0,0.0,0.0,0.0,0.0
SAK0375,4.086705202312139,1.4238128479143253,4.086705202312139,1.4238128479143253,4.086705202312139,1.4238128479143253,1.0827071290944124,0.3959136191761908,0.0,0.0
SAP0867,1.0,0.0,1.0,0.0,1.0,0.0,0.0,0.0,0.0,0.0
SAT0194,1.0,0.0,1.0,0.0,1.0,0.0,0.0,0.0,0.0,0.0
SBD0913,1.0,0.0,1.0,0.0,1.0,0.0,0.0,0.0,0.0,0.0
SBH0537,1.7979274611398963,0.402067197229621,1.0,0.0,1.0,0.0,0.0,0.0,0.3626943005181347,0.6099239848899657
SBK0161,2.0433526011560694,0.46422667808451973,1.2803468208092486,0.4498191532949912,1.2803468208092486,0.4498191532949912,0.018304431599229287,0.09822358962287953,0.0,0.0
SBN0495,1.0,0.0,1.0,0.0,1.0,0.0,0.0,0.0,0.0,0.0
SBN0866,1.0689655172413792,0.2755389143696556,1.0689655172413792,0.2648735633678859,1.0,0.0,0.085727969348659,0.28136261020496833,1.0833333333333333,0.9430212855778142
SBN0971,1.0,0.0,1.0,0.0,1.0,0.0,0.0,0.0,0.39198218262806234,0.6250198851434168
SBQ0786,1.0,0.0,1.0,0.0,1.0,0.0,0.0,0.0,0.0,0.0
SCB0534,1.0,0.0,1.0,0.0,1.0,0.0,0.0,0.0,0.0,0.0
SCF0608,1.0,0.0,1.0,0.0,1.0,0.0,0.0,0.0,0.0,0.0
SCP0130,1.3265895953757225,0.46964487268802857,1.3265895953757225,0.46964487268802857,1.3265895953757225,0.46964487268802857,0.0,0.0,2.0722543352601157,0.9648813723263138
SDB0106,2.0115606936416186,0.4098559564057312,1.2254335260115607,0.4184726714229031,1.2254335260115607,0.4184726714229031,0.0,0.0,0.0,0.0
SDF0017,1.0,0.0,1.0,0.0,1.0,0.0,0.0,0.0,0.0,0.0
SDO0170,1.754335260115607,0.43110406662471523,1.0,0.0,1.0,0.0,0.0,0.0,0.0,0.0
SED0886,2.0514285714285716,0.5328043494811519,1.2971428571428572,0.4760665686793843,1.2257142857142858,0.4186503469195379,0.06238095238095238,0.20644436302827895,0.0,0.0
SEJ0677,1.0,0.0,1.0,0.0,1.0,0.0,0.0,0.0,0.0,0.0
SER0165,1.0,0.0,1.0,0.0,1.0,0.0,0.0,0.0,0.0,0.0
SES0477,1.7976878612716762,0.40230549459665443,1.0,0.0,1.0,0.0,0.0,0.0,0.0,0.0
SGB0140,2.1040462427745665,0.46392882781273403,1.3323699421965318,0.4717450080299274,1.3323699421965318,0.4717450080299274,0.0,0.0,0.0,0.0
SGG0787,1.739884393063584,0.4393328122615365,1.0,0.0,1.0,0.0,0.630057803468208,0.21966640613076824,0.0,0.0
SGM0021,1.80635838150289,0.39572355876107795,1.0,0.0,1.0,0.0,0.0,0.0,3.0028901734104045,1.020083983224271
SGS0268,1.0,0.0,1.0,0.0,1.0,0.0,0.0,0.0,0.0,0.0
SHR0334,1.0,0.0,1.0,0.0,1.0,0.0,0.0,0.0,0.0,0.0
SHW0578,1.0,0.0,1.0,0.0,1.0,0.0,0.0,0.0,0.0,0.0
SIJ0661,1.0,0.0,1.0,0.0,1.0,0.0,0.0,0.0,0.0,0.0
SJC0333,1.3208092485549132,0.4674636261457019,1.3208092485549132,0.4674636261457019,1.3208092485549132,0.4674636261457019,0.0,0.0,0.0,0.0
SJF0094,1.0,0.0,1.0,0.0,1.0,0.0,0.0,0.0,0.0,0.0
SJO0209,2.13314447592068,0.47296877188779124,1.3427762039660056,0.4753111400826679,1.3427762039660056,0.4753111400826679,0.0,0.0,0.37677053824362605,0.5860342411982526
SJW0451,1.0,0.0,1.0,0.0,1.0,0.0,0.0,0.0,0.0,0.0
SKG0759,1.0,0.0,1.0,0.0,1.0,0.0,0.0,0.0,0.0,0.0
SLB0049,1.0,0.0,1.0,0.0,1.0,0.0,0.0,0.0,0.0,0.0
SLP0762,1.0,0.0,1.0,0.0,1.0,0.0,0.0,0.0,0.0,0.0
SLT0907,1.0,0.0,1.0,0.0,1.0,0.0,0.0,0.0,0.0,0.0
SMB0804,1.0,0.0,1.0,0.0,1.0,0.0,0.0,0.0,0.0,0.0
SMH0291,1.99375,0.4212052742900667,1.2166666666666666,0.4124033806416342,1.2166666666666666,0.4124033806416342,0.0,0.0,0.0,0.0
SMW0084,1.0,0.0,1.0,0.0,1.0,0.0,0.0,0.0,0.0,0.0
SMY0792,1.9826589595375723,0.4931294734217123,1.2023121387283238,0.43016057092643933,1.2023121387283238,0.43016057092643933,0.0,0.0,1.0982658959537572,0.9272977095506548
SNC0187,1.0,0.0,1.0,0.0,1.0,0.0,0.0,0.0,0.42,0.6671458701364598
SNS0129,1.0,0.0,1.0,0.0,1.0,0.0,0.0,0.0,0.0,0.0
SOB0360,3.938053097345133,1.3681012687709144,3.938053097345133,1.3681012687709144,3.938053097345133,1.3681012687709144,1.0626106194690266,0.4290811529968381,0.0,0.0
SOB0586,1.0,0.0,1.0,0.0,1.0,0.0,0.0,0.0,0.0,0.0
SOF0808,1.0,0.0,1.0,0.0,1.0,0.0,1.0,0.0,0.0,0.0
SOG0411,1.0,0.0,1.0,0.0,1.0,0.0,0.0,0.0,0.0,0.0
SPA0141,1.9380281690140846,0.5690626143855092,1.1661971830985915,0.38764232377087415,1.0,0.0,0.15751173708920188,0.34492314632485915,0.0,0.0
SRH0155,2.032876712328767,0.46764983921843656,1.2876712328767124,0.47692501929843883,1.2356164383561643,0.4249660177150104,0.2958904109589041,0.38427957767497084,0.0,0.0
SRS0231,1.0,0.0,1.0,0.0,1.0,0.0,0.6936416184971098,0.46164799803418105,0.0,0.0
SSG0250,1.8092485549132948,0.39346253573484113,1.0,0.0,1.0,0.0,0.0,0.0,0.0,0.0
SSH0799,2.1300578034682083,0.44769101289381036,1.3641618497109826,0.48189122272597656,1.3641618497109826,0.48189122272597656,0.0,0.0,0.0,0.0
SSJ0784,1.9739130434782608,0.543704225071948,1.184782608695652,0.3941110021933221,1.0,0.0,0.13478260869565217,0.2953243744851602,0.0,0.0
SSR0278,1.0,0.0,1.0,0.0,1.0,0.0,0.0,0.0,0.0,0.0
SSS0345,1.0,0.0,1.0,0.0,1.0,0.0,0.0,0.0,0.0,0.0
SVL0803,1.0,0.0,1.0,0.0,1.0,0.0,0.0,0.0,0.0,0.0
SVL0940,1.0,0.0,1.0,0.0,1.0,0.0,0.0,0.0,0.0,0.0
SVS0871,2.132947976878613,0.45646528849912626,1.3583815028901733,0.48021943547464824,1.3583815028901733,0.48021943547464824,0.0,0.0,0.0,0.0
SXM0895,1.0,0.0,1.0,0.0,1.0,0.0,0.0,0.0,0.0,0.0
TAC0300,1.0,0.0,1.0,0.0,1.0,0.0,0.0,0.0,0.0,0.0
TAP0551,1.845132743362832,0.49701171914508374,1.092920353982301,0.30585888224889063,1.0707964601769913,0.25705387794233275,0.02359882005899705,0.17337215610409246,0.022123893805309734,0.1749841965051378
TBT0461,1.0,0.0,1.0,0.0,1.0,0.0,0.0,0.0,0.0,0.0
TCD0009,1.0,0.0,1.0,0.0,1.0,0.0,0.0,0.0,0.0,0.0
TDG0962,2.158959537572254,0.4762693959184036,1.3670520231213872,0.4826989131581003,1.3670520231213872,0.4826989131581003,0.0,0.0,0.0,0.0
TDJ0998,1.7976878612716762,0.40230549459665454,1.0,0.0,1.0,0.0,0.6011560693641619,0.20115274729832727,0.0,0.0
TDS0984,1.9441860465116279,0.4336124216460809,1.1325581395348838,0.36592694841586915,1.1325581395348838,0.36592694841586915,0.0,0.0,0.4046511627906977,0.6324383892976344
TEB0251,1.8381502890173411,0.41331609192057345,1.0635838150289016,0.24436345032191184,1.0635838150289016,0.24436345032191184,0.0,0.0,0.0,0.0
TEM0093,1.0,0.0,1.0,0.0,1.0,0.0,0.0,0.0,0.0,0.0
TEM0977,1.0,0.0,1.0,0.0,1.0,0.0,0.0,0.0,0.0,0.0
TET0621,1.3554913294797688,0.47935514193394974,1.3554913294797688,0.47935514193394974,1.3554913294797688,0.47935514193394974,0.0,0.0,0.0,0.0
THD0448,1.0,0.0,1.0,0.0,1.0,0.0,0.0,0.0,0.0,0.0
THR0873,1.0662824207492796,0.24913436448769863,1.0662824207492796,0.2491343644876986,1.0230547550432276,0.15029414281056452,0.05763688760806916,0.2364676360790805,7.902017291066282,1.0067239088259943
TIW0299,1.0,0.0,1.0,0.0,1.0,0.0,0.0,0.0,0.0,0.0
TJB0302,1.0,0.0,1.0,0.0,1.0,0.0,0.0,0.0,0.0,0.0
TJD0996,1.0,0.0,1.0,0.0,1.0,0.0,1.0,0.0,0.0,0.0
TJG0582,1.0,0.0,1.0,0.0,1.0,0.0,0.0,0.0,0.0,0.0
TLH0648,1.0,0.0,1.0,0.0,1.0,0.0,1.0,0.0,0.0,0.0
TLK0993,1.0,0.0,1.0,0.0,1.0,0.0,1.0,0.0,0.0,0.0
TLM0797,1.0,0.0,1.0,0.0,1.0,0.0,0.0,0.0,0.0,0.0
TMA0069,1.0,0.0,1.0,0.0,1.0,0.0,0.0,0.0,0.0,0.0
TNM0961,1.9875,0.42398044085304365,1.2291666666666667,0.4211750514795984,1.2291666666666667,0.4211750514795984,0.0,0.0,2.058333333333333,1.2891295323533223
TOR0193,1.846820809248555,0.44029470660816417,1.0635838150289016,0.24436345032191178,1.0635838150289016,0.24436345032191178,0.0,0.0,0.0,0.0
TPH0474,1.0,0.0,1.0,0.0,1.0,0.0,0.0,0.0,0.0,0.0
TQS0212,1.0173410404624277,0.1307276597948423,1.0173410404624277,0.1307276597948423,1.0173410404624277,0.1307276597948423,0.0,0.0,0.0,0.0
TRK0914,0.9971098265895953,0.05376033305704704,1.0,0.0,1.0,0.0,0.9971098265895953,0.05376033305704704,0.0,0.0
TSB0437,1.0,0.0,1.0,0.0,1.0,0.0,0.0,0.0,0.0,0.0
TSG0906,1.7572254335260116,0.42938087013875664,1.0,0.0,1.0,0.0,0.0,0.0,0.0,0.0
TSM0363,4.03757225433526,1.451148031975445,4.03757225433526,1.451148031975445,4.03757225433526,1.451148031975445,1.0808766859344894,0.43048065359915516,0.0,0.0
TSM0927,1.0,0.0,1.0,0.0,1.0,0.0,1.0,0.0,0.0,0.0
TSR0676,1.7890173410404624,0.40859698402042877,1.0,0.0,1.0,0.0,0.0,0.0,2.069364161849711,1.0077025960442008
TTD1000,1.0,0.0,1.0,0.0,1.0,0.0,1.0,0.0,0.0,0.0
TUC0632,1.0,0.0,1.0,0.0,1.0,0.0,1.0,0.0,0.0,0.0
TVS0006,1.8208092485549132,0.45964754427462623,1.0578034682080926,0.2337094110204613,1.0578034682080926,0.2337094110204613,0.0,0.0,0.0,0.0
TVS0050,2.257703081232493,0.7194944318299481,1.4929971988795518,0.6474506900602911,1.2829131652661065,0.451046754807989,0.17861811391223156,0.3610789181766414,0.0,0.0
TYB0779,1.7803468208092486,0.41461124931956095,1.0,0.0,1.0,0.0,0.0,0.0,0.0,0.0
UAD0771,1.869942196531792,0.4209974313802693,1.060693641618497,0.23911329875315013,1.060693641618497,0.23911329875315013,0.0,0.0,2.0115606936416186,0.9984825548038552
UBF0645,1.0,0.0,1.0,0.0,1.0,0.0,1.0,0.0,0.0,0.0
UCH0519,1.0,0.0,1.0,0.0,1.0,0.0,0.0,0.0,0.0,0.0
UCS0227,1.0,0.0,1.0,0.0,1.0,0.0,0.5404624277456648,0.49908184107566983,0.0,0.0
UFK0208,2.0346820809248554,0.4618294277908548,1.260115606936416,0.43933281226153664,1.260115606936416,0.43933281226153664,0.0,0.0,0.0,0.0
UIR0043,4.132947976878612,1.4181886723314456,4.132947976878612,1.4181886723314456,4.132947976878612,1.4181886723314456,1.0947013487475914,0.41143774943484646,0.0,0.0
UJC0737,1.0,0.0,1.0,0.0,1.0,0.0,0.0,0.0,0.0,0.0
USH0199,1.0086705202312138,0.09284533561690393,1.0086705202312138,0.09284533561690393,1.0086705202312138,0.09284533561690393,0.0,0.0,0.3236994219653179,0.6318724525942643
VAA0087,1.9971098265895955,0.4599845927684075,1.2052023121387283,0.4044342473139923,1.2052023121387283,0.4044342473139923,0.0,0.0,0.0,0.0
VCC0396,1.9886039886039886,0.5502062365394478,1.2535612535612535,0.46731160736722377,1.1396011396011396,0.34706748688956796,0.47649572649572647,0.39402977395047545,2.0484330484330484,1.061234642394869
VCY0751,1.7919075144508672,0.4065312474948837,1.0,0.0,1.0,0.0,0.0,0.0,0.0,0.0
VEB0935,1.0,0.0,1.0,0.0,1.0,0.0,0.0,0.0,0.0,0.0
VFM0814,1.9833333333333334,0.428744070958594,1.2125,0.4099316199738601,1.2125,0.4099316199738601,0.5527777777777777,0.20339212325825756,0.375,0.6279740953535792
VIA0063,1.0,0.0,1.0,0.0,1.0,0.0,0.0,0.0,7.9508670520231215,0.9139256619697997
VLB0647,1.0,0.0,1.0,0.0,1.0,0.0,1.0,0.0,0.0,0.0
VMJ0147,1.0,0.0,1.0,0.0,1.0,0.0,0.0,0.0,0.0,0.0
VMJ0546,1.7803468208092486,0.41461124931956095,1.0,0.0,1.0,0.0,0.0,0.0,2.0491329479768785,1.041410331197928
VSA0230,1.8918918918918919,0.44546886569873445,1.1655405405405406,0.3722970998467259,1.1655405405405406,0.3722970998467259,0.3490990990990991,0.3624762283719842,0.3310810810810811,0.563145084879476
VSS0154,0.9953271028037384,0.06835859270246632,1.0,0.0,1.0,0.0,0.0,0.0,2.1588785046728973,1.2902635223087455
VTT0385,1.0953757225433527,0.29415859449155063,1.0953757225433527,0.29415859449155063,1.0953757225433527,0.29415859449155063,0.0,0.0,7.927745664739884,0.8995870898515207
WAB0143,1.0,0.0,1.0,0.0,1.0,0.0,0.0,0.0,0.0,0.0
WAS0254,1.783236994219653,0.4126365371448356,1.0,0.0,1.0,0.0,0.0,0.0,0.0,0.0
WBC0192,1.8872832369942196,0.4459285906398816,1.1011560693641618,0.30197196132559107,1.1011560693641618,0.30197196132559107,0.0,0.0,0.3872832369942196,0.6326939096533091
WBC0315,1.0,0.0,1.0,0.0,1.0,0.0,0.0,0.0,0.0,0.0
WDD0366,4.707792207792208,1.50536640350415,3.957792207792208,1.486586386227718,3.9415584415584415,1.480544899193488,0.8881802721088435,0.39396620921200853,0.01948051948051948,0.17942286124457088
WDO0870,1.2407932011331444,0.4783155158270708,1.2407932011331444,0.4476344957348861,1.0566572237960339,0.23151462453854915,0.22332389046270065,0.4222361481559447,0.0,0.0
WDV0573,1.3909348441926346,0.6216980767089192,1.3909348441926346,0.55404245689127,1.2209631728045325,0.4154846311881354,0.17681775259678942,0.3752041226770422,0.0,0.0
WGR0833,1.0,0.0,1.0,0.0,1.0,0.0,1.0,0.0,0.0,0.0
WGS0516,1.0,0.0,1.0,0.0,1.0,0.0,0.0,0.0,0.0,0.0
WIF0691,1.7803468208092486,0.44169094835578054,1.0289017341040463,0.1677729889555262,1.0289017341040463,0.1677729889555262,0.39643545279383424,0.37914661083062784,7.895953757225434,0.9203879699597947
WIQ0567,1.8054298642533937,0.396317997808935,1.0,0.0,1.0,0.0,0.0,0.0,0.9886877828054299,0.9121794176884739
WJD0576,1.0,0.0,1.0,0.0,1.0,0.0,0.0,0.0,0.0,0.0
WKD0013,1.1497175141242937,0.4293250904502556,1.1497175141242937,0.3803419206883411,1.0593220338983051,0.23656080010790656,0.10781544256120526,0.3144887560424458,0.0,0.0
WKF0012,1.0,0.0,1.0,0.0,1.0,0.0,0.0,0.0,0.0,0.0
WLV0566,1.0,0.0,1.0,0.0,1.0,0.0,0.0,0.0,0.0,0.0
WNB0908,1.7572254335260116,0.4293808701387567,1.0,0.0,1.0,0.0,0.0,0.0,0.0,0.0
WPE0538,1.0,0.0,1.0,0.0,1.0,0.0,0.0,0.0,0.0,0.0
WPR0368,4.063231850117096,1.3952406863619988,4.063231850117096,1.3952406863619988,4.063231850117096,1.3952406863619988,1.0384465261514442,0.4394349010717023,0.0,0.0
WRM0963,1.8620689655172413,0.4477926283346245,1.0632183908045978,0.24405767466227601,1.0632183908045978,0.24405767466227601,0.0,0.0,0.0,0.0
WSR0241,1.216763005780347,0.49561197587171046,1.216763005780347,0.49561197587171046,1.216763005780347,0.49561197587171046,0.0,0.0,0.0,0.0
WTF0387,1.0,0.0,1.0,0.0,1.0,0.0,0.0,0.0,0.0,0.0
WTR0563,1.0,0.0,1.0,0.0,1.0,0.0,0.0,0.0,0.0,0.0
WVB0539,1.0,0.0,1.0,0.0,1.0,0.0,0.0,0.0,0.0,0.0
WXH0872,1.3688760806916427,0.5397062508446417,1.3688760806916427,0.5122314936595884,1.3170028818443804,0.46598048470982045,0.052833813640730067,0.20727180095204345,2.0230547550432276,1.019769272838513
XAA0104,1.7947976878612717,0.40443424731399247,1.0,0.0,1.0,0.0,0.0,0.0,0.3988439306358382,0.6745036555637433
XBN0229,1.0,0.0,1.0,0.0,1.0,0.0,0.5635838150289018,0.4966588543380255,0.0,0.0
XHG0902,1.0,0.0,1.0,0.0,1.0,0.0,0.0,0.0,0.0,0.0
XHW0498,1.0,0.0,1.0,0.0,1.0,0.0,0.0,0.0,2.169230769230769,1.1519042607146213
XLB0710,1.0,0.0,1.0,0.0,1.0,0.0,0.0,0.0,0.0,0.0
XRS0633,1.76878612716763,0.4222194297749103,1.0,0.0,1.0,0.0,0.615606936416185,0.21110971488745514,0.0,0.0
XWD0923,1.752,0.4327181298717201,1.0,0.0,1.0,0.0,0.624,0.21635906493586005,2.1,1.0422789365261604
YCE0983,1.0,0.0,1.0,0.0,1.0,0.0,0.0,0.0,0.0,0.0
YDN0198,1.7976878612716762,0.44343242966466856,1.023121387283237,0.15050666990597392,1.023121387283237,0.15050666990597392,0.0,0.0,0.0,0.0
YEV0793,1.0,0.0,1.0,0.0,1.0,0.0,0.0,0.0,0.0,0.0
YIC0195,2.0625,0.4610930899578063,1.2727272727272727,0.44599573867044845,1.2727272727272727,0.44599573867044845,0.0,0.0,0.0,0.0
YJF0532,2.066473988439306,0.4009810370517049,1.2572254335260116,0.43773771650693977,1.2572254335260116,0.43773771650693977,0.0,0.0,0.0,0.0
YJV0699,1.0,0.0,1.0,0.0,1.0,0.0,0.0,0.0,0.0,0.0
YWW0660,1.0,0.0,1.0,0.0,1.0,0.0,1.0,0.0,0.0,0.0
ZCF0590,1.0,0.0,1.0,0.0,1.0,0.0,0.0,0.0,0.0,0.0
ZDW0859,1.8150289017341041,0.4379194873754057,1.0491329479768785,0.21645858381105407,1.0491329479768785,0.21645858381105407,0.0,0.0,0.0,0.0
ZFM0468,1.0,0.0,1.0,0.0,1.0,0.0,0.0,0.0,0.0,0.0
ZJE0857,1.0708446866485013,0.2569154894280022,1.0708446866485013,0.2569154894280022,1.0708446866485013,0.2569154894280022,0.0,0.0,0.0,0.0
ZJS0269,1.0,0.0,1.0,0.0,1.0,0.0,0.0,0.0,0.0,0.0
ZKS0899,1.1127167630057804,0.31670425212237063,1.1127167630057804,0.31670425212237063,1.1127167630057804,0.31670425212237063,0.0,0.0,8.644508670520231,0.8635527668208952
ZMC0284,1.0,0.0,1.0,0.0,1.0,0.0,0.0,0.0,0.0,0.0
ZSB0649,1.0,0.0,1.0,0.0,1.0,0.0,1.0,0.0,0.0,0.0
ZSK0258,1.0,0.0,1.0,0.0,1.0,0.0,0.0,0.0,0.0,0.0
ZSL0305,1.0,0.0,1.0,0.0,1.0,0.0,0.0,0.0,0.0,0.0
